sample_id,split
bata-explosion_00000000,train
bata-explosion_00000001,test
bata-explosion_00000002,train
bata-explosion_00000004,train
bata-explosion_00000005,test
bata-explosion_00000006,train
bata-explosion_00000007,train
bata-explosion_00000008,train
bata-explosion_00000009,test
bata-explosion_00000010,train
bata-explosion_00000011,train
bata-explosion_00000013,train
bata-explosion_00000014,train
bata-explosion_00000015,train
bata-explosion_00000016,train
bata-explosion_00000019,train
bata-explosion_00000020,test
bata-explosion_00000021,test
bata-explosion_00000022,train
bata-explosion_00000024,test
bata-explosion_00000025,train
bata-explosion_00000026,train
bata-explosion_00000027,train
bata-explosion_00000029,test
bata-explosion_00000030,train
bata-explosion_00000031,train
bata-explosion_00000032,train
bata-explosion_00000034,train
bata-explosion_00000035,train
bata-explosion_00000037,train
bata-explosion_00000038,train
bata-explosion_00000039,train
bata-explosion_00000040,train
bata-explosion_00000041,train
bata-explosion_00000042,train
bata-explosion_00000043,train
bata-explosion_00000044,test
bata-explosion_00000045,train
bata-explosion_00000046,train
bata-explosion_00000047,train
bata-explosion_00000048,test
bata-explosion_00000049,train
bata-explosion_00000050,train
bata-explosion_00000051,train
bata-explosion_00000052,train
bata-explosion_00000053,train
bata-explosion_00000054,train
bata-explosion_00000055,train
bata-explosion_00000056,train
bata-explosion_00000057,train
bata-explosion_00000058,train
bata-explosion_00000060,train
bata-explosion_00000061,train
bata-explosion_00000062,train
bata-explosion_00000064,train
bata-explosion_00000065,train
bata-explosion_00000066,train
bata-explosion_00000067,test
bata-explosion_00000069,train
bata-explosion_00000070,test
bata-explosion_00000071,train
bata-explosion_00000072,train
bata-explosion_00000073,train
bata-explosion_00000074,train
bata-explosion_00000076,train
bata-explosion_00000077,train
bata-explosion_00000078,train
bata-explosion_00000079,test
bata-explosion_00000082,train
bata-explosion_00000083,train
bata-explosion_00000084,train
bata-explosion_00000085,train
bata-explosion_00000086,train
bata-explosion_00000087,train
bata-explosion_00000088,train
bata-explosion_00000089,train
bata-explosion_00000090,train
bata-explosion_00000091,test
bata-explosion_00000092,train
bata-explosion_00000093,train
bata-explosion_00000094,train
bata-explosion_00000095,train
bata-explosion_00000096,test
bata-explosion_00000097,train
bata-explosion_00000098,train
bata-explosion_00000099,train
bata-explosion_00000100,test
bata-explosion_00000101,train
bata-explosion_00000102,train
bata-explosion_00000103,train
bata-explosion_00000104,train
bata-explosion_00000105,train
bata-explosion_00000106,train
beirut-explosion_00000000,train
beirut-explosion_00000001,train
beirut-explosion_00000003,train
beirut-explosion_00000005,test
beirut-explosion_00000006,train
beirut-explosion_00000007,train
beirut-explosion_00000008,train
beirut-explosion_00000009,test
beirut-explosion_00000010,train
beirut-explosion_00000011,train
beirut-explosion_00000012,train
beirut-explosion_00000014,train
beirut-explosion_00000017,train
beirut-explosion_00000018,train
beirut-explosion_00000019,train
beirut-explosion_00000020,train
beirut-explosion_00000021,train
beirut-explosion_00000022,train
beirut-explosion_00000023,train
beirut-explosion_00000024,train
beirut-explosion_00000026,train
beirut-explosion_00000027,train
beirut-explosion_00000028,train
beirut-explosion_00000029,train
beirut-explosion_00000030,train
beirut-explosion_00000031,train
beirut-explosion_00000032,train
beirut-explosion_00000033,train
beirut-explosion_00000034,train
beirut-explosion_00000035,train
beirut-explosion_00000036,train
beirut-explosion_00000037,train
beirut-explosion_00000038,train
beirut-explosion_00000039,train
beirut-explosion_00000040,train
beirut-explosion_00000041,train
beirut-explosion_00000042,train
beirut-explosion_00000043,train
beirut-explosion_00000044,train
beirut-explosion_00000045,train
beirut-explosion_00000046,train
beirut-explosion_00000048,train
beirut-explosion_00000049,train
beirut-explosion_00000050,train
beirut-explosion_00000051,train
beirut-explosion_00000052,train
beirut-explosion_00000053,train
beirut-explosion_00000055,train
beirut-explosion_00000056,test
beirut-explosion_00000059,train
beirut-explosion_00000060,train
beirut-explosion_00000062,test
beirut-explosion_00000063,train
beirut-explosion_00000064,train
beirut-explosion_00000065,train
beirut-explosion_00000066,train
beirut-explosion_00000067,test
beirut-explosion_00000068,train
beirut-explosion_00000070,train
beirut-explosion_00000071,train
beirut-explosion_00000072,train
beirut-explosion_00000074,train
beirut-explosion_00000076,train
beirut-explosion_00000077,train
beirut-explosion_00000078,train
beirut-explosion_00000079,train
beirut-explosion_00000080,train
beirut-explosion_00000081,train
beirut-explosion_00000082,train
beirut-explosion_00000083,test
beirut-explosion_00000084,train
beirut-explosion_00000085,train
beirut-explosion_00000086,test
beirut-explosion_00000087,train
beirut-explosion_00000088,train
beirut-explosion_00000089,test
beirut-explosion_00000090,train
beirut-explosion_00000091,train
beirut-explosion_00000092,train
beirut-explosion_00000093,train
beirut-explosion_00000094,test
beirut-explosion_00000095,train
beirut-explosion_00000096,train
beirut-explosion_00000097,test
beirut-explosion_00000098,train
beirut-explosion_00000099,train
beirut-explosion_00000100,train
beirut-explosion_00000103,train
beirut-explosion_00000104,train
beirut-explosion_00000105,train
beirut-explosion_00000106,train
beirut-explosion_00000107,train
beirut-explosion_00000108,train
beirut-explosion_00000109,train
beirut-explosion_00000110,train
beirut-explosion_00000111,train
beirut-explosion_00000112,test
beirut-explosion_00000113,train
beirut-explosion_00000114,train
beirut-explosion_00000115,test
beirut-explosion_00000116,train
beirut-explosion_00000117,train
beirut-explosion_00000118,test
beirut-explosion_00000119,test
beirut-explosion_00000120,test
beirut-explosion_00000121,test
beirut-explosion_00000122,train
beirut-explosion_00000123,test
beirut-explosion_00000124,train
beirut-explosion_00000125,train
beirut-explosion_00000126,test
beirut-explosion_00000127,train
beirut-explosion_00000128,train
beirut-explosion_00000129,test
beirut-explosion_00000130,test
beirut-explosion_00000132,train
congo-volcano_00000001,train
congo-volcano_00000003,train
congo-volcano_00000004,train
congo-volcano_00000005,train
congo-volcano_00000006,train
congo-volcano_00000008,train
congo-volcano_00000009,train
congo-volcano_00000010,train
congo-volcano_00000011,train
congo-volcano_00000012,train
congo-volcano_00000013,train
congo-volcano_00000015,train
congo-volcano_00000016,train
congo-volcano_00000017,train
congo-volcano_00000018,train
congo-volcano_00000019,train
congo-volcano_00000020,train
congo-volcano_00000021,test
congo-volcano_00000022,train
congo-volcano_00000023,train
congo-volcano_00000024,train
congo-volcano_00000025,train
congo-volcano_00000026,train
congo-volcano_00000027,test
congo-volcano_00000028,train
congo-volcano_00000029,train
congo-volcano_00000030,train
congo-volcano_00000032,test
congo-volcano_00000033,test
congo-volcano_00000034,train
congo-volcano_00000035,train
congo-volcano_00000037,train
congo-volcano_00000038,train
congo-volcano_00000039,train
congo-volcano_00000040,train
congo-volcano_00000041,test
congo-volcano_00000042,train
congo-volcano_00000043,train
congo-volcano_00000044,test
congo-volcano_00000045,train
congo-volcano_00000046,test
congo-volcano_00000047,test
congo-volcano_00000048,test
congo-volcano_00000049,train
congo-volcano_00000050,train
congo-volcano_00000051,train
congo-volcano_00000052,test
congo-volcano_00000053,test
congo-volcano_00000054,test
congo-volcano_00000055,train
congo-volcano_00000057,train
congo-volcano_00000058,train
congo-volcano_00000059,train
congo-volcano_00000060,train
congo-volcano_00000061,train
congo-volcano_00000062,train
congo-volcano_00000063,train
congo-volcano_00000064,train
congo-volcano_00000065,train
congo-volcano_00000067,train
congo-volcano_00000068,train
congo-volcano_00000069,train
congo-volcano_00000070,train
congo-volcano_00000071,train
congo-volcano_00000072,train
congo-volcano_00000073,train
congo-volcano_00000074,train
congo-volcano_00000075,train
congo-volcano_00000077,test
congo-volcano_00000079,train
congo-volcano_00000080,train
congo-volcano_00000081,test
congo-volcano_00000082,train
congo-volcano_00000083,train
congo-volcano_00000084,train
congo-volcano_00000085,train
congo-volcano_00000086,train
congo-volcano_00000087,test
congo-volcano_00000088,train
congo-volcano_00000089,train
congo-volcano_00000090,train
congo-volcano_00000091,train
congo-volcano_00000092,test
congo-volcano_00000093,train
congo-volcano_00000094,test
congo-volcano_00000095,train
congo-volcano_00000096,train
congo-volcano_00000097,train
congo-volcano_00000098,train
congo-volcano_00000100,train
congo-volcano_00000101,train
congo-volcano_00000102,train
congo-volcano_00000103,train
congo-volcano_00000105,test
congo-volcano_00000106,train
congo-volcano_00000107,train
congo-volcano_00000108,train
congo-volcano_00000110,test
congo-volcano_00000112,train
congo-volcano_00000113,train
congo-volcano_00000114,train
congo-volcano_00000115,train
congo-volcano_00000116,train
congo-volcano_00000117,train
congo-volcano_00000118,test
congo-volcano_00000119,test
congo-volcano_00000120,train
congo-volcano_00000121,train
haiti-earthquake_00000000,train
haiti-earthquake_00000001,train
haiti-earthquake_00000002,train
haiti-earthquake_00000004,train
haiti-earthquake_00000005,train
haiti-earthquake_00000006,train
haiti-earthquake_00000007,train
haiti-earthquake_00000008,train
haiti-earthquake_00000009,train
haiti-earthquake_00000010,train
haiti-earthquake_00000011,test
haiti-earthquake_00000012,train
haiti-earthquake_00000013,test
haiti-earthquake_00000014,test
haiti-earthquake_00000015,train
haiti-earthquake_00000016,train
haiti-earthquake_00000018,train
haiti-earthquake_00000020,train
haiti-earthquake_00000022,train
haiti-earthquake_00000023,train
haiti-earthquake_00000024,test
haiti-earthquake_00000025,train
haiti-earthquake_00000026,train
haiti-earthquake_00000027,test
haiti-earthquake_00000028,test
haiti-earthquake_00000029,train
haiti-earthquake_00000031,train
haiti-earthquake_00000032,train
haiti-earthquake_00000033,train
haiti-earthquake_00000034,test
haiti-earthquake_00000035,train
haiti-earthquake_00000036,train
haiti-earthquake_00000037,train
haiti-earthquake_00000038,train
haiti-earthquake_00000039,train
haiti-earthquake_00000040,train
haiti-earthquake_00000042,train
haiti-earthquake_00000043,train
haiti-earthquake_00000044,train
haiti-earthquake_00000045,train
haiti-earthquake_00000046,train
haiti-earthquake_00000047,test
haiti-earthquake_00000048,train
haiti-earthquake_00000049,train
haiti-earthquake_00000051,train
haiti-earthquake_00000053,train
haiti-earthquake_00000054,train
haiti-earthquake_00000055,train
haiti-earthquake_00000056,test
haiti-earthquake_00000057,train
haiti-earthquake_00000058,train
haiti-earthquake_00000060,test
haiti-earthquake_00000061,train
haiti-earthquake_00000062,train
haiti-earthquake_00000063,train
haiti-earthquake_00000065,train
haiti-earthquake_00000066,train
haiti-earthquake_00000067,train
haiti-earthquake_00000068,train
haiti-earthquake_00000069,train
haiti-earthquake_00000070,train
haiti-earthquake_00000071,train
haiti-earthquake_00000072,test
hawaii-wildfire_00000000,train
hawaii-wildfire_00000001,train
hawaii-wildfire_00000003,train
hawaii-wildfire_00000006,train
hawaii-wildfire_00000007,train
hawaii-wildfire_00000009,train
hawaii-wildfire_00000010,train
hawaii-wildfire_00000011,train
hawaii-wildfire_00000012,train
hawaii-wildfire_00000013,train
hawaii-wildfire_00000014,train
hawaii-wildfire_00000015,train
hawaii-wildfire_00000016,train
hawaii-wildfire_00000017,train
hawaii-wildfire_00000018,train
hawaii-wildfire_00000019,train
hawaii-wildfire_00000021,train
hawaii-wildfire_00000022,train
hawaii-wildfire_00000023,test
hawaii-wildfire_00000024,test
hawaii-wildfire_00000025,train
hawaii-wildfire_00000026,test
hawaii-wildfire_00000027,train
hawaii-wildfire_00000029,train
hawaii-wildfire_00000030,train
hawaii-wildfire_00000031,test
hawaii-wildfire_00000032,train
hawaii-wildfire_00000033,train
hawaii-wildfire_00000034,train
hawaii-wildfire_00000035,train
hawaii-wildfire_00000036,train
hawaii-wildfire_00000037,test
hawaii-wildfire_00000038,train
hawaii-wildfire_00000039,test
hawaii-wildfire_00000040,train
hawaii-wildfire_00000041,train
hawaii-wildfire_00000042,train
hawaii-wildfire_00000043,train
hawaii-wildfire_00000044,train
hawaii-wildfire_00000045,train
hawaii-wildfire_00000046,train
hawaii-wildfire_00000048,train
hawaii-wildfire_00000049,train
hawaii-wildfire_00000050,train
hawaii-wildfire_00000051,train
hawaii-wildfire_00000052,train
hawaii-wildfire_00000053,train
hawaii-wildfire_00000054,train
hawaii-wildfire_00000055,train
hawaii-wildfire_00000056,train
hawaii-wildfire_00000057,test
hawaii-wildfire_00000058,train
hawaii-wildfire_00000060,test
hawaii-wildfire_00000061,train
hawaii-wildfire_00000062,train
hawaii-wildfire_00000064,train
la_palma-volcano_00000000,test
la_palma-volcano_00000001,train
la_palma-volcano_00000004,train
la_palma-volcano_00000005,train
la_palma-volcano_00000006,train
la_palma-volcano_00000007,train
la_palma-volcano_00000008,train
la_palma-volcano_00000009,train
la_palma-volcano_00000010,train
la_palma-volcano_00000011,test
la_palma-volcano_00000012,train
la_palma-volcano_00000013,train
la_palma-volcano_00000014,train
la_palma-volcano_00000015,test
la_palma-volcano_00000016,train
la_palma-volcano_00000018,train
la_palma-volcano_00000020,test
la_palma-volcano_00000021,train
la_palma-volcano_00000023,train
la_palma-volcano_00000024,train
la_palma-volcano_00000025,train
la_palma-volcano_00000026,train
la_palma-volcano_00000027,train
la_palma-volcano_00000028,train
la_palma-volcano_00000030,train
la_palma-volcano_00000031,train
la_palma-volcano_00000032,test
la_palma-volcano_00000033,train
la_palma-volcano_00000034,train
la_palma-volcano_00000035,train
la_palma-volcano_00000036,train
la_palma-volcano_00000037,train
la_palma-volcano_00000038,train
la_palma-volcano_00000039,test
la_palma-volcano_00000040,train
la_palma-volcano_00000041,train
la_palma-volcano_00000042,train
la_palma-volcano_00000043,train
la_palma-volcano_00000044,train
la_palma-volcano_00000045,train
la_palma-volcano_00000046,train
la_palma-volcano_00000047,test
la_palma-volcano_00000048,train
la_palma-volcano_00000049,train
la_palma-volcano_00000050,train
la_palma-volcano_00000051,train
la_palma-volcano_00000052,train
la_palma-volcano_00000053,train
la_palma-volcano_00000054,train
la_palma-volcano_00000055,train
la_palma-volcano_00000056,train
la_palma-volcano_00000058,train
la_palma-volcano_00000059,train
la_palma-volcano_00000060,train
la_palma-volcano_00000061,train
la_palma-volcano_00000062,train
la_palma-volcano_00000063,train
la_palma-volcano_00000064,train
la_palma-volcano_00000065,train
la_palma-volcano_00000066,train
la_palma-volcano_00000067,train
la_palma-volcano_00000069,train
la_palma-volcano_00000070,train
la_palma-volcano_00000071,train
la_palma-volcano_00000072,train
la_palma-volcano_00000073,test
la_palma-volcano_00000074,train
la_palma-volcano_00000075,train
la_palma-volcano_00000076,train
la_palma-volcano_00000077,train
la_palma-volcano_00000079,train
la_palma-volcano_00000080,train
la_palma-volcano_00000081,train
la_palma-volcano_00000082,train
la_palma-volcano_00000083,test
la_palma-volcano_00000084,test
la_palma-volcano_00000085,train
la_palma-volcano_00000086,train
la_palma-volcano_00000087,train
la_palma-volcano_00000088,train
la_palma-volcano_00000089,train
la_palma-volcano_00000090,train
la_palma-volcano_00000092,train
la_palma-volcano_00000093,train
la_palma-volcano_00000094,train
la_palma-volcano_00000095,train
la_palma-volcano_00000096,train
la_palma-volcano_00000097,test
la_palma-volcano_00000098,test
la_palma-volcano_00000099,train
la_palma-volcano_00000100,train
la_palma-volcano_00000101,train
la_palma-volcano_00000102,train
la_palma-volcano_00000105,test
la_palma-volcano_00000106,train
la_palma-volcano_00000107,test
la_palma-volcano_00000108,test
la_palma-volcano_00000109,train
la_palma-volcano_00000110,train
la_palma-volcano_00000111,test
la_palma-volcano_00000112,train
la_palma-volcano_00000113,train
la_palma-volcano_00000114,train
la_palma-volcano_00000115,test
la_palma-volcano_00000116,train
la_palma-volcano_00000117,train
la_palma-volcano_00000118,train
la_palma-volcano_00000119,train
la_palma-volcano_00000120,train
la_palma-volcano_00000121,train
la_palma-volcano_00000122,train
la_palma-volcano_00000123,train
la_palma-volcano_00000124,train
la_palma-volcano_00000125,train
la_palma-volcano_00000126,test
la_palma-volcano_00000127,train
la_palma-volcano_00000128,train
la_palma-volcano_00000129,train
la_palma-volcano_00000130,train
la_palma-volcano_00000131,train
la_palma-volcano_00000133,train
la_palma-volcano_00000134,train
la_palma-volcano_00000135,train
la_palma-volcano_00000136,train
la_palma-volcano_00000137,train
la_palma-volcano_00000138,train
la_palma-volcano_00000139,train
la_palma-volcano_00000140,train
la_palma-volcano_00000141,train
la_palma-volcano_00000142,train
la_palma-volcano_00000143,train
la_palma-volcano_00000144,train
la_palma-volcano_00000145,train
la_palma-volcano_00000146,test
la_palma-volcano_00000147,train
la_palma-volcano_00000148,train
la_palma-volcano_00000149,train
la_palma-volcano_00000150,train
la_palma-volcano_00000151,train
la_palma-volcano_00000152,test
la_palma-volcano_00000153,train
la_palma-volcano_00000154,train
la_palma-volcano_00000155,train
la_palma-volcano_00000156,train
la_palma-volcano_00000157,train
la_palma-volcano_00000158,train
la_palma-volcano_00000159,train
la_palma-volcano_00000160,train
la_palma-volcano_00000161,test
la_palma-volcano_00000162,train
la_palma-volcano_00000163,train
la_palma-volcano_00000164,test
la_palma-volcano_00000167,train
la_palma-volcano_00000168,train
la_palma-volcano_00000169,train
la_palma-volcano_00000170,test
la_palma-volcano_00000171,train
la_palma-volcano_00000172,train
la_palma-volcano_00000173,train
la_palma-volcano_00000174,train
la_palma-volcano_00000175,train
la_palma-volcano_00000176,train
la_palma-volcano_00000177,test
la_palma-volcano_00000178,train
la_palma-volcano_00000179,train
la_palma-volcano_00000180,test
la_palma-volcano_00000181,test
la_palma-volcano_00000182,train
la_palma-volcano_00000183,test
la_palma-volcano_00000184,train
la_palma-volcano_00000185,test
la_palma-volcano_00000186,train
la_palma-volcano_00000187,test
la_palma-volcano_00000188,train
la_palma-volcano_00000189,train
la_palma-volcano_00000190,train
la_palma-volcano_00000191,train
la_palma-volcano_00000192,train
la_palma-volcano_00000193,train
la_palma-volcano_00000194,train
la_palma-volcano_00000195,train
la_palma-volcano_00000196,train
la_palma-volcano_00000197,train
la_palma-volcano_00000198,train
la_palma-volcano_00000199,test
la_palma-volcano_00000200,test
la_palma-volcano_00000201,train
la_palma-volcano_00000202,train
la_palma-volcano_00000203,test
la_palma-volcano_00000205,train
la_palma-volcano_00000206,train
la_palma-volcano_00000207,train
la_palma-volcano_00000209,test
la_palma-volcano_00000210,train
la_palma-volcano_00000211,train
la_palma-volcano_00000212,train
la_palma-volcano_00000214,train
la_palma-volcano_00000215,train
la_palma-volcano_00000216,test
la_palma-volcano_00000217,train
la_palma-volcano_00000219,train
la_palma-volcano_00000220,train
la_palma-volcano_00000221,train
la_palma-volcano_00000222,train
la_palma-volcano_00000223,train
la_palma-volcano_00000224,test
la_palma-volcano_00000225,train
la_palma-volcano_00000226,test
la_palma-volcano_00000227,train
la_palma-volcano_00000228,train
la_palma-volcano_00000229,train
la_palma-volcano_00000230,train
la_palma-volcano_00000231,train
la_palma-volcano_00000232,test
la_palma-volcano_00000233,train
la_palma-volcano_00000234,train
la_palma-volcano_00000235,train
la_palma-volcano_00000236,train
la_palma-volcano_00000237,train
la_palma-volcano_00000238,train
la_palma-volcano_00000239,test
la_palma-volcano_00000240,train
la_palma-volcano_00000241,train
la_palma-volcano_00000243,train
la_palma-volcano_00000244,train
la_palma-volcano_00000245,train
la_palma-volcano_00000246,train
la_palma-volcano_00000247,train
la_palma-volcano_00000248,train
la_palma-volcano_00000249,train
la_palma-volcano_00000250,train
la_palma-volcano_00000251,train
la_palma-volcano_00000252,train
la_palma-volcano_00000253,test
la_palma-volcano_00000254,train
la_palma-volcano_00000255,train
la_palma-volcano_00000256,test
la_palma-volcano_00000257,train
la_palma-volcano_00000258,train
la_palma-volcano_00000259,train
la_palma-volcano_00000260,train
la_palma-volcano_00000263,train
la_palma-volcano_00000264,test
la_palma-volcano_00000265,train
la_palma-volcano_00000266,train
la_palma-volcano_00000268,train
la_palma-volcano_00000269,test
la_palma-volcano_00000270,train
la_palma-volcano_00000271,train
la_palma-volcano_00000272,train
la_palma-volcano_00000274,train
la_palma-volcano_00000275,train
la_palma-volcano_00000276,train
la_palma-volcano_00000277,train
la_palma-volcano_00000278,train
la_palma-volcano_00000279,train
la_palma-volcano_00000280,train
la_palma-volcano_00000281,train
la_palma-volcano_00000282,test
la_palma-volcano_00000283,test
la_palma-volcano_00000284,train
la_palma-volcano_00000285,test
la_palma-volcano_00000286,train
la_palma-volcano_00000287,train
la_palma-volcano_00000288,train
la_palma-volcano_00000289,test
la_palma-volcano_00000291,train
la_palma-volcano_00000293,train
la_palma-volcano_00000294,train
la_palma-volcano_00000295,train
la_palma-volcano_00000296,test
la_palma-volcano_00000297,train
la_palma-volcano_00000298,train
la_palma-volcano_00000299,train
la_palma-volcano_00000300,train
la_palma-volcano_00000301,train
la_palma-volcano_00000302,train
la_palma-volcano_00000303,train
la_palma-volcano_00000304,train
la_palma-volcano_00000305,train
la_palma-volcano_00000306,train
la_palma-volcano_00000307,train
la_palma-volcano_00000308,test
la_palma-volcano_00000309,train
la_palma-volcano_00000310,train
la_palma-volcano_00000312,train
la_palma-volcano_00000313,train
la_palma-volcano_00000314,train
la_palma-volcano_00000315,train
la_palma-volcano_00000316,train
la_palma-volcano_00000317,train
la_palma-volcano_00000318,train
la_palma-volcano_00000319,train
la_palma-volcano_00000320,train
la_palma-volcano_00000321,train
la_palma-volcano_00000322,train
la_palma-volcano_00000323,test
la_palma-volcano_00000325,train
la_palma-volcano_00000326,train
la_palma-volcano_00000327,train
la_palma-volcano_00000328,train
la_palma-volcano_00000330,train
la_palma-volcano_00000331,test
la_palma-volcano_00000332,train
la_palma-volcano_00000333,test
la_palma-volcano_00000334,train
la_palma-volcano_00000335,train
la_palma-volcano_00000336,train
la_palma-volcano_00000337,test
la_palma-volcano_00000338,train
la_palma-volcano_00000339,train
la_palma-volcano_00000340,train
la_palma-volcano_00000341,train
la_palma-volcano_00000342,train
la_palma-volcano_00000343,train
la_palma-volcano_00000344,train
la_palma-volcano_00000345,train
la_palma-volcano_00000346,train
la_palma-volcano_00000347,train
la_palma-volcano_00000348,test
la_palma-volcano_00000349,train
la_palma-volcano_00000350,test
la_palma-volcano_00000351,train
la_palma-volcano_00000352,test
la_palma-volcano_00000353,train
la_palma-volcano_00000355,train
la_palma-volcano_00000357,train
la_palma-volcano_00000358,train
la_palma-volcano_00000360,train
la_palma-volcano_00000361,train
la_palma-volcano_00000363,train
la_palma-volcano_00000364,train
la_palma-volcano_00000365,train
la_palma-volcano_00000366,train
la_palma-volcano_00000367,train
la_palma-volcano_00000368,test
la_palma-volcano_00000369,train
la_palma-volcano_00000370,train
la_palma-volcano_00000371,train
la_palma-volcano_00000372,test
la_palma-volcano_00000373,test
la_palma-volcano_00000374,test
la_palma-volcano_00000375,train
la_palma-volcano_00000376,train
la_palma-volcano_00000377,train
la_palma-volcano_00000378,train
la_palma-volcano_00000379,test
la_palma-volcano_00000380,train
la_palma-volcano_00000381,test
la_palma-volcano_00000382,train
la_palma-volcano_00000383,train
la_palma-volcano_00000384,train
la_palma-volcano_00000385,train
la_palma-volcano_00000386,train
la_palma-volcano_00000387,train
la_palma-volcano_00000388,train
la_palma-volcano_00000389,test
la_palma-volcano_00000390,train
la_palma-volcano_00000391,train
la_palma-volcano_00000392,test
la_palma-volcano_00000393,train
la_palma-volcano_00000394,train
la_palma-volcano_00000395,test
la_palma-volcano_00000396,train
la_palma-volcano_00000397,train
la_palma-volcano_00000399,train
la_palma-volcano_00000400,train
la_palma-volcano_00000402,train
la_palma-volcano_00000403,test
la_palma-volcano_00000404,train
la_palma-volcano_00000405,test
la_palma-volcano_00000406,test
la_palma-volcano_00000408,train
la_palma-volcano_00000409,test
la_palma-volcano_00000410,test
la_palma-volcano_00000412,train
la_palma-volcano_00000414,train
la_palma-volcano_00000415,test
la_palma-volcano_00000417,train
la_palma-volcano_00000419,test
la_palma-volcano_00000420,train
la_palma-volcano_00000421,train
la_palma-volcano_00000422,train
la_palma-volcano_00000423,train
la_palma-volcano_00000424,train
la_palma-volcano_00000425,test
la_palma-volcano_00000426,test
la_palma-volcano_00000427,train
la_palma-volcano_00000428,train
la_palma-volcano_00000429,train
la_palma-volcano_00000430,train
la_palma-volcano_00000431,train
la_palma-volcano_00000432,train
la_palma-volcano_00000434,test
la_palma-volcano_00000436,train
la_palma-volcano_00000437,train
la_palma-volcano_00000438,train
la_palma-volcano_00000439,train
la_palma-volcano_00000440,train
la_palma-volcano_00000441,train
la_palma-volcano_00000442,train
la_palma-volcano_00000443,train
la_palma-volcano_00000444,train
la_palma-volcano_00000445,train
la_palma-volcano_00000446,train
la_palma-volcano_00000447,train
la_palma-volcano_00000448,test
la_palma-volcano_00000449,train
la_palma-volcano_00000450,train
la_palma-volcano_00000451,train
la_palma-volcano_00000452,train
la_palma-volcano_00000453,test
la_palma-volcano_00000455,train
la_palma-volcano_00000456,train
la_palma-volcano_00000457,train
la_palma-volcano_00000458,train
la_palma-volcano_00000460,train
la_palma-volcano_00000461,train
la_palma-volcano_00000463,train
la_palma-volcano_00000464,train
la_palma-volcano_00000465,train
la_palma-volcano_00000466,train
la_palma-volcano_00000467,train
la_palma-volcano_00000468,train
la_palma-volcano_00000469,test
la_palma-volcano_00000470,train
la_palma-volcano_00000471,test
la_palma-volcano_00000472,test
la_palma-volcano_00000473,test
la_palma-volcano_00000474,train
la_palma-volcano_00000475,test
la_palma-volcano_00000476,train
la_palma-volcano_00000477,train
la_palma-volcano_00000478,train
la_palma-volcano_00000479,test
la_palma-volcano_00000480,train
la_palma-volcano_00000481,train
la_palma-volcano_00000482,train
la_palma-volcano_00000483,train
la_palma-volcano_00000484,train
la_palma-volcano_00000485,train
la_palma-volcano_00000486,train
la_palma-volcano_00000487,train
la_palma-volcano_00000488,train
la_palma-volcano_00000489,train
la_palma-volcano_00000490,train
la_palma-volcano_00000491,train
la_palma-volcano_00000492,train
la_palma-volcano_00000493,train
la_palma-volcano_00000494,train
la_palma-volcano_00000495,test
la_palma-volcano_00000496,train
la_palma-volcano_00000497,train
la_palma-volcano_00000499,train
la_palma-volcano_00000500,train
la_palma-volcano_00000501,train
la_palma-volcano_00000504,train
la_palma-volcano_00000505,train
la_palma-volcano_00000506,train
la_palma-volcano_00000507,test
la_palma-volcano_00000508,train
la_palma-volcano_00000509,train
la_palma-volcano_00000510,train
la_palma-volcano_00000511,train
la_palma-volcano_00000512,test
la_palma-volcano_00000513,train
la_palma-volcano_00000514,train
la_palma-volcano_00000515,train
la_palma-volcano_00000516,train
la_palma-volcano_00000517,train
la_palma-volcano_00000518,test
la_palma-volcano_00000519,test
la_palma-volcano_00000520,train
la_palma-volcano_00000521,train
la_palma-volcano_00000522,train
la_palma-volcano_00000523,train
la_palma-volcano_00000524,train
la_palma-volcano_00000525,train
la_palma-volcano_00000526,train
la_palma-volcano_00000527,train
la_palma-volcano_00000528,test
la_palma-volcano_00000529,train
la_palma-volcano_00000530,train
la_palma-volcano_00000532,test
la_palma-volcano_00000533,train
la_palma-volcano_00000534,train
la_palma-volcano_00000535,train
la_palma-volcano_00000536,train
la_palma-volcano_00000538,test
la_palma-volcano_00000539,train
la_palma-volcano_00000540,train
la_palma-volcano_00000541,train
la_palma-volcano_00000543,train
la_palma-volcano_00000544,train
la_palma-volcano_00000545,train
la_palma-volcano_00000546,train
la_palma-volcano_00000547,test
la_palma-volcano_00000549,train
la_palma-volcano_00000550,train
la_palma-volcano_00000551,train
la_palma-volcano_00000553,train
la_palma-volcano_00000554,train
la_palma-volcano_00000555,test
la_palma-volcano_00000556,train
la_palma-volcano_00000557,test
la_palma-volcano_00000558,train
la_palma-volcano_00000559,train
la_palma-volcano_00000561,train
la_palma-volcano_00000562,train
la_palma-volcano_00000563,train
la_palma-volcano_00000564,train
la_palma-volcano_00000565,train
la_palma-volcano_00000566,train
la_palma-volcano_00000567,train
la_palma-volcano_00000569,train
la_palma-volcano_00000570,train
la_palma-volcano_00000571,test
la_palma-volcano_00000572,train
la_palma-volcano_00000573,test
la_palma-volcano_00000574,train
la_palma-volcano_00000576,train
la_palma-volcano_00000577,test
la_palma-volcano_00000578,train
la_palma-volcano_00000579,test
la_palma-volcano_00000580,train
la_palma-volcano_00000581,train
la_palma-volcano_00000582,train
la_palma-volcano_00000583,train
la_palma-volcano_00000584,train
la_palma-volcano_00000585,train
la_palma-volcano_00000588,train
la_palma-volcano_00000589,train
la_palma-volcano_00000590,train
la_palma-volcano_00000591,train
la_palma-volcano_00000595,test
la_palma-volcano_00000597,train
la_palma-volcano_00000598,train
la_palma-volcano_00000599,train
la_palma-volcano_00000600,train
la_palma-volcano_00000601,train
la_palma-volcano_00000602,test
la_palma-volcano_00000603,train
la_palma-volcano_00000604,train
la_palma-volcano_00000605,train
la_palma-volcano_00000606,train
la_palma-volcano_00000607,test
la_palma-volcano_00000609,train
la_palma-volcano_00000610,train
la_palma-volcano_00000611,train
la_palma-volcano_00000612,test
la_palma-volcano_00000613,train
la_palma-volcano_00000614,train
la_palma-volcano_00000615,test
la_palma-volcano_00000616,test
la_palma-volcano_00000617,test
la_palma-volcano_00000618,train
la_palma-volcano_00000619,train
la_palma-volcano_00000620,train
la_palma-volcano_00000621,train
la_palma-volcano_00000622,train
la_palma-volcano_00000623,train
la_palma-volcano_00000625,train
la_palma-volcano_00000626,train
la_palma-volcano_00000627,train
la_palma-volcano_00000628,train
la_palma-volcano_00000629,train
la_palma-volcano_00000630,train
la_palma-volcano_00000631,train
la_palma-volcano_00000632,train
la_palma-volcano_00000633,train
la_palma-volcano_00000634,train
la_palma-volcano_00000635,train
la_palma-volcano_00000636,train
la_palma-volcano_00000637,train
la_palma-volcano_00000638,train
la_palma-volcano_00000640,train
la_palma-volcano_00000641,test
la_palma-volcano_00000642,train
la_palma-volcano_00000643,train
la_palma-volcano_00000644,train
la_palma-volcano_00000645,train
la_palma-volcano_00000646,train
la_palma-volcano_00000647,train
la_palma-volcano_00000648,test
la_palma-volcano_00000649,train
la_palma-volcano_00000650,test
la_palma-volcano_00000651,train
la_palma-volcano_00000652,train
la_palma-volcano_00000653,train
la_palma-volcano_00000654,train
la_palma-volcano_00000655,train
la_palma-volcano_00000656,train
la_palma-volcano_00000657,train
la_palma-volcano_00000658,train
la_palma-volcano_00000659,train
la_palma-volcano_00000660,train
la_palma-volcano_00000661,test
la_palma-volcano_00000663,train
la_palma-volcano_00000664,train
la_palma-volcano_00000665,train
la_palma-volcano_00000666,train
la_palma-volcano_00000667,test
la_palma-volcano_00000668,train
la_palma-volcano_00000670,train
la_palma-volcano_00000671,test
la_palma-volcano_00000673,train
la_palma-volcano_00000675,train
la_palma-volcano_00000676,test
la_palma-volcano_00000677,train
la_palma-volcano_00000679,train
la_palma-volcano_00000680,train
la_palma-volcano_00000681,test
la_palma-volcano_00000682,train
la_palma-volcano_00000683,test
la_palma-volcano_00000684,train
la_palma-volcano_00000685,train
la_palma-volcano_00000686,train
la_palma-volcano_00000687,test
la_palma-volcano_00000688,train
la_palma-volcano_00000690,train
la_palma-volcano_00000692,train
la_palma-volcano_00000693,train
la_palma-volcano_00000694,test
la_palma-volcano_00000695,train
la_palma-volcano_00000697,train
la_palma-volcano_00000699,train
la_palma-volcano_00000700,train
la_palma-volcano_00000701,train
la_palma-volcano_00000702,test
la_palma-volcano_00000703,test
la_palma-volcano_00000704,train
la_palma-volcano_00000705,train
la_palma-volcano_00000706,train
la_palma-volcano_00000707,test
la_palma-volcano_00000709,train
la_palma-volcano_00000710,test
la_palma-volcano_00000711,train
la_palma-volcano_00000712,train
la_palma-volcano_00000713,test
la_palma-volcano_00000714,train
la_palma-volcano_00000715,train
la_palma-volcano_00000716,train
la_palma-volcano_00000717,test
la_palma-volcano_00000718,train
la_palma-volcano_00000719,train
la_palma-volcano_00000720,train
la_palma-volcano_00000721,train
la_palma-volcano_00000722,train
la_palma-volcano_00000723,train
la_palma-volcano_00000724,train
la_palma-volcano_00000725,train
la_palma-volcano_00000726,train
la_palma-volcano_00000727,train
la_palma-volcano_00000728,test
la_palma-volcano_00000729,train
la_palma-volcano_00000730,train
la_palma-volcano_00000731,train
la_palma-volcano_00000732,train
la_palma-volcano_00000733,train
la_palma-volcano_00000734,test
la_palma-volcano_00000735,test
la_palma-volcano_00000737,train
la_palma-volcano_00000738,train
la_palma-volcano_00000739,train
la_palma-volcano_00000740,train
la_palma-volcano_00000742,test
la_palma-volcano_00000743,train
la_palma-volcano_00000744,train
la_palma-volcano_00000745,test
la_palma-volcano_00000746,train
la_palma-volcano_00000747,train
la_palma-volcano_00000748,test
la_palma-volcano_00000749,train
la_palma-volcano_00000750,test
la_palma-volcano_00000751,train
la_palma-volcano_00000752,test
la_palma-volcano_00000753,train
la_palma-volcano_00000754,train
la_palma-volcano_00000755,train
la_palma-volcano_00000756,train
la_palma-volcano_00000757,train
la_palma-volcano_00000758,train
la_palma-volcano_00000759,train
la_palma-volcano_00000760,train
la_palma-volcano_00000761,train
la_palma-volcano_00000762,train
la_palma-volcano_00000763,train
la_palma-volcano_00000764,train
la_palma-volcano_00000765,train
la_palma-volcano_00000766,train
la_palma-volcano_00000767,train
la_palma-volcano_00000768,test
la_palma-volcano_00000769,test
la_palma-volcano_00000770,train
la_palma-volcano_00000772,train
la_palma-volcano_00000773,train
la_palma-volcano_00000774,train
la_palma-volcano_00000775,train
la_palma-volcano_00000777,test
la_palma-volcano_00000778,train
la_palma-volcano_00000779,train
la_palma-volcano_00000780,test
la_palma-volcano_00000781,train
la_palma-volcano_00000782,train
la_palma-volcano_00000784,test
la_palma-volcano_00000785,train
la_palma-volcano_00000786,train
la_palma-volcano_00000787,train
la_palma-volcano_00000789,test
la_palma-volcano_00000790,test
la_palma-volcano_00000791,train
la_palma-volcano_00000792,train
la_palma-volcano_00000793,train
la_palma-volcano_00000794,train
la_palma-volcano_00000796,test
la_palma-volcano_00000799,test
la_palma-volcano_00000800,test
la_palma-volcano_00000801,train
la_palma-volcano_00000802,test
la_palma-volcano_00000803,train
la_palma-volcano_00000804,train
la_palma-volcano_00000805,test
la_palma-volcano_00000806,train
la_palma-volcano_00000807,train
la_palma-volcano_00000808,train
la_palma-volcano_00000809,train
la_palma-volcano_00000810,train
la_palma-volcano_00000811,train
la_palma-volcano_00000812,train
la_palma-volcano_00000814,train
la_palma-volcano_00000815,train
la_palma-volcano_00000816,train
la_palma-volcano_00000817,train
la_palma-volcano_00000818,train
la_palma-volcano_00000819,test
la_palma-volcano_00000821,train
la_palma-volcano_00000823,train
la_palma-volcano_00000824,train
la_palma-volcano_00000826,train
la_palma-volcano_00000827,train
la_palma-volcano_00000828,test
la_palma-volcano_00000829,train
la_palma-volcano_00000831,train
la_palma-volcano_00000833,train
la_palma-volcano_00000834,train
la_palma-volcano_00000835,train
la_palma-volcano_00000836,train
la_palma-volcano_00000837,train
la_palma-volcano_00000838,train
la_palma-volcano_00000839,train
la_palma-volcano_00000840,train
la_palma-volcano_00000841,test
la_palma-volcano_00000842,train
la_palma-volcano_00000843,train
la_palma-volcano_00000844,train
la_palma-volcano_00000845,train
la_palma-volcano_00000846,train
la_palma-volcano_00000848,train
la_palma-volcano_00000849,test
la_palma-volcano_00000850,train
la_palma-volcano_00000851,train
la_palma-volcano_00000852,train
la_palma-volcano_00000853,train
la_palma-volcano_00000854,train
la_palma-volcano_00000856,train
la_palma-volcano_00000857,test
la_palma-volcano_00000858,test
la_palma-volcano_00000859,train
la_palma-volcano_00000860,train
la_palma-volcano_00000861,train
la_palma-volcano_00000862,train
la_palma-volcano_00000863,train
la_palma-volcano_00000864,train
la_palma-volcano_00000865,test
la_palma-volcano_00000866,train
la_palma-volcano_00000867,train
la_palma-volcano_00000868,train
la_palma-volcano_00000870,train
la_palma-volcano_00000871,train
la_palma-volcano_00000872,train
la_palma-volcano_00000873,train
la_palma-volcano_00000874,train
la_palma-volcano_00000875,train
la_palma-volcano_00000876,train
la_palma-volcano_00000877,train
la_palma-volcano_00000878,train
la_palma-volcano_00000879,train
la_palma-volcano_00000880,train
la_palma-volcano_00000881,train
la_palma-volcano_00000882,train
la_palma-volcano_00000883,train
la_palma-volcano_00000884,train
la_palma-volcano_00000886,test
la_palma-volcano_00000887,test
la_palma-volcano_00000888,test
la_palma-volcano_00000889,train
la_palma-volcano_00000890,train
la_palma-volcano_00000891,test
la_palma-volcano_00000893,test
la_palma-volcano_00000894,test
la_palma-volcano_00000895,train
la_palma-volcano_00000896,train
la_palma-volcano_00000897,train
la_palma-volcano_00000898,train
la_palma-volcano_00000899,train
la_palma-volcano_00000900,train
la_palma-volcano_00000901,train
la_palma-volcano_00000902,train
la_palma-volcano_00000903,train
la_palma-volcano_00000904,test
la_palma-volcano_00000905,test
la_palma-volcano_00000906,train
la_palma-volcano_00000907,train
la_palma-volcano_00000908,test
la_palma-volcano_00000909,train
la_palma-volcano_00000910,train
la_palma-volcano_00000911,train
la_palma-volcano_00000912,train
la_palma-volcano_00000913,test
la_palma-volcano_00000914,train
la_palma-volcano_00000915,train
la_palma-volcano_00000917,train
la_palma-volcano_00000918,train
la_palma-volcano_00000919,train
la_palma-volcano_00000920,train
la_palma-volcano_00000921,train
la_palma-volcano_00000922,train
la_palma-volcano_00000924,train
la_palma-volcano_00000925,train
la_palma-volcano_00000926,test
la_palma-volcano_00000927,test
la_palma-volcano_00000928,train
la_palma-volcano_00000929,train
la_palma-volcano_00000930,test
la_palma-volcano_00000931,train
la_palma-volcano_00000932,train
libya-flood_00000000,train
libya-flood_00000001,train
libya-flood_00000002,train
libya-flood_00000003,train
libya-flood_00000004,train
libya-flood_00000005,test
libya-flood_00000007,test
libya-flood_00000008,train
libya-flood_00000009,train
libya-flood_00000010,train
libya-flood_00000012,train
libya-flood_00000013,train
libya-flood_00000014,test
libya-flood_00000015,test
libya-flood_00000019,test
libya-flood_00000020,train
libya-flood_00000021,train
libya-flood_00000022,train
libya-flood_00000023,train
libya-flood_00000025,test
libya-flood_00000026,train
libya-flood_00000027,train
libya-flood_00000028,train
libya-flood_00000029,train
libya-flood_00000030,train
libya-flood_00000031,test
libya-flood_00000032,train
libya-flood_00000033,train
libya-flood_00000034,train
libya-flood_00000035,train
libya-flood_00000036,train
libya-flood_00000037,train
libya-flood_00000038,test
libya-flood_00000039,test
libya-flood_00000040,train
libya-flood_00000041,train
libya-flood_00000042,train
libya-flood_00000043,train
libya-flood_00000044,train
libya-flood_00000045,train
libya-flood_00000046,test
libya-flood_00000047,train
libya-flood_00000048,train
libya-flood_00000049,train
libya-flood_00000050,train
libya-flood_00000052,train
libya-flood_00000053,test
libya-flood_00000054,train
libya-flood_00000055,test
libya-flood_00000056,train
libya-flood_00000057,train
libya-flood_00000058,train
libya-flood_00000059,test
libya-flood_00000060,train
libya-flood_00000061,train
libya-flood_00000062,test
libya-flood_00000063,test
libya-flood_00000064,test
libya-flood_00000065,train
libya-flood_00000066,train
libya-flood_00000067,train
libya-flood_00000070,train
libya-flood_00000071,train
libya-flood_00000072,train
libya-flood_00000075,train
libya-flood_00000076,train
libya-flood_00000077,test
libya-flood_00000078,train
libya-flood_00000079,train
libya-flood_00000080,train
libya-flood_00000081,train
libya-flood_00000082,train
libya-flood_00000083,train
libya-flood_00000084,train
libya-flood_00000085,train
libya-flood_00000086,train
libya-flood_00000087,test
libya-flood_00000088,train
libya-flood_00000089,train
libya-flood_00000090,train
libya-flood_00000091,train
libya-flood_00000092,train
libya-flood_00000093,train
libya-flood_00000094,test
libya-flood_00000095,train
libya-flood_00000096,train
libya-flood_00000097,train
libya-flood_00000098,train
libya-flood_00000099,train
libya-flood_00000101,test
libya-flood_00000102,train
libya-flood_00000103,train
libya-flood_00000105,train
libya-flood_00000106,train
libya-flood_00000107,test
libya-flood_00000108,train
libya-flood_00000109,train
libya-flood_00000110,test
libya-flood_00000111,test
libya-flood_00000112,train
libya-flood_00000113,test
libya-flood_00000115,train
libya-flood_00000116,train
libya-flood_00000117,train
libya-flood_00000118,train
libya-flood_00000119,train
libya-flood_00000120,train
libya-flood_00000121,test
libya-flood_00000123,train
marshall-wildfire_00000000,train
marshall-wildfire_00000001,test
marshall-wildfire_00000002,train
marshall-wildfire_00000003,train
marshall-wildfire_00000004,train
marshall-wildfire_00000005,test
marshall-wildfire_00000006,test
marshall-wildfire_00000007,train
marshall-wildfire_00000008,train
marshall-wildfire_00000009,train
marshall-wildfire_00000010,test
marshall-wildfire_00000011,test
marshall-wildfire_00000012,train
marshall-wildfire_00000013,train
marshall-wildfire_00000015,train
marshall-wildfire_00000016,train
marshall-wildfire_00000017,train
marshall-wildfire_00000018,train
marshall-wildfire_00000019,train
marshall-wildfire_00000020,train
marshall-wildfire_00000021,train
marshall-wildfire_00000022,train
marshall-wildfire_00000023,test
marshall-wildfire_00000024,train
marshall-wildfire_00000025,train
marshall-wildfire_00000027,train
marshall-wildfire_00000028,train
marshall-wildfire_00000029,test
marshall-wildfire_00000030,train
marshall-wildfire_00000031,train
marshall-wildfire_00000032,train
marshall-wildfire_00000033,train
marshall-wildfire_00000034,test
marshall-wildfire_00000035,train
marshall-wildfire_00000036,train
marshall-wildfire_00000037,train
marshall-wildfire_00000039,train
marshall-wildfire_00000040,train
marshall-wildfire_00000041,test
marshall-wildfire_00000042,test
marshall-wildfire_00000043,train
marshall-wildfire_00000044,train
marshall-wildfire_00000045,train
marshall-wildfire_00000046,train
marshall-wildfire_00000047,train
marshall-wildfire_00000048,train
marshall-wildfire_00000049,train
marshall-wildfire_00000050,train
marshall-wildfire_00000051,train
marshall-wildfire_00000052,train
marshall-wildfire_00000054,train
marshall-wildfire_00000056,train
marshall-wildfire_00000057,train
marshall-wildfire_00000058,train
marshall-wildfire_00000059,train
marshall-wildfire_00000060,train
marshall-wildfire_00000061,train
marshall-wildfire_00000062,train
marshall-wildfire_00000063,train
marshall-wildfire_00000064,train
marshall-wildfire_00000066,train
marshall-wildfire_00000067,train
marshall-wildfire_00000070,train
marshall-wildfire_00000071,train
marshall-wildfire_00000072,train
marshall-wildfire_00000073,train
marshall-wildfire_00000074,train
marshall-wildfire_00000075,test
marshall-wildfire_00000076,train
morocco-earthquake_00000000,train
morocco-earthquake_00000001,train
morocco-earthquake_00000003,train
morocco-earthquake_00000004,train
morocco-earthquake_00000005,train
morocco-earthquake_00000006,test
morocco-earthquake_00000007,train
morocco-earthquake_00000008,train
morocco-earthquake_00000009,train
morocco-earthquake_00000010,train
morocco-earthquake_00000011,test
morocco-earthquake_00000012,test
morocco-earthquake_00000013,train
morocco-earthquake_00000014,test
morocco-earthquake_00000015,test
morocco-earthquake_00000016,train
morocco-earthquake_00000017,train
morocco-earthquake_00000018,train
morocco-earthquake_00000019,train
morocco-earthquake_00000020,test
morocco-earthquake_00000021,test
morocco-earthquake_00000022,train
morocco-earthquake_00000023,train
morocco-earthquake_00000024,test
morocco-earthquake_00000025,train
morocco-earthquake_00000026,train
morocco-earthquake_00000027,train
morocco-earthquake_00000028,test
morocco-earthquake_00000029,train
morocco-earthquake_00000030,train
morocco-earthquake_00000031,train
morocco-earthquake_00000032,test
morocco-earthquake_00000033,test
morocco-earthquake_00000034,train
morocco-earthquake_00000037,test
morocco-earthquake_00000038,train
morocco-earthquake_00000039,test
morocco-earthquake_00000040,test
morocco-earthquake_00000041,test
morocco-earthquake_00000042,train
morocco-earthquake_00000043,train
morocco-earthquake_00000044,train
morocco-earthquake_00000046,test
morocco-earthquake_00000047,train
morocco-earthquake_00000048,train
morocco-earthquake_00000049,train
morocco-earthquake_00000050,test
morocco-earthquake_00000051,train
morocco-earthquake_00000052,train
morocco-earthquake_00000053,train
morocco-earthquake_00000055,test
morocco-earthquake_00000056,train
morocco-earthquake_00000057,train
morocco-earthquake_00000058,train
morocco-earthquake_00000059,train
morocco-earthquake_00000060,test
morocco-earthquake_00000061,train
morocco-earthquake_00000062,train
morocco-earthquake_00000063,train
morocco-earthquake_00000065,train
morocco-earthquake_00000066,train
morocco-earthquake_00000067,train
morocco-earthquake_00000068,train
morocco-earthquake_00000069,train
morocco-earthquake_00000070,test
morocco-earthquake_00000071,train
morocco-earthquake_00000072,train
morocco-earthquake_00000073,test
morocco-earthquake_00000074,test
morocco-earthquake_00000075,train
morocco-earthquake_00000076,test
morocco-earthquake_00000077,train
morocco-earthquake_00000078,train
morocco-earthquake_00000079,train
morocco-earthquake_00000080,train
morocco-earthquake_00000081,train
morocco-earthquake_00000082,train
morocco-earthquake_00000084,train
morocco-earthquake_00000085,train
morocco-earthquake_00000086,test
morocco-earthquake_00000087,train
morocco-earthquake_00000088,train
morocco-earthquake_00000089,train
morocco-earthquake_00000090,test
morocco-earthquake_00000091,train
morocco-earthquake_00000092,train
morocco-earthquake_00000094,train
morocco-earthquake_00000095,train
morocco-earthquake_00000096,train
morocco-earthquake_00000097,train
morocco-earthquake_00000098,train
morocco-earthquake_00000099,train
morocco-earthquake_00000100,train
morocco-earthquake_00000101,train
morocco-earthquake_00000102,train
morocco-earthquake_00000103,train
morocco-earthquake_00000104,train
morocco-earthquake_00000105,train
morocco-earthquake_00000106,train
morocco-earthquake_00000107,test
morocco-earthquake_00000108,train
morocco-earthquake_00000109,test
morocco-earthquake_00000110,train
morocco-earthquake_00000111,train
morocco-earthquake_00000113,test
morocco-earthquake_00000114,test
morocco-earthquake_00000115,train
morocco-earthquake_00000116,train
morocco-earthquake_00000117,train
morocco-earthquake_00000118,train
morocco-earthquake_00000119,train
morocco-earthquake_00000121,train
morocco-earthquake_00000122,train
morocco-earthquake_00000123,train
morocco-earthquake_00000124,train
morocco-earthquake_00000125,train
morocco-earthquake_00000126,train
morocco-earthquake_00000127,train
morocco-earthquake_00000128,train
morocco-earthquake_00000129,train
morocco-earthquake_00000130,train
morocco-earthquake_00000131,train
morocco-earthquake_00000132,train
morocco-earthquake_00000133,train
morocco-earthquake_00000135,train
morocco-earthquake_00000136,train
morocco-earthquake_00000137,train
morocco-earthquake_00000138,test
morocco-earthquake_00000139,train
morocco-earthquake_00000140,train
morocco-earthquake_00000141,train
morocco-earthquake_00000143,train
morocco-earthquake_00000144,test
morocco-earthquake_00000146,train
morocco-earthquake_00000147,train
morocco-earthquake_00000150,train
morocco-earthquake_00000152,train
morocco-earthquake_00000154,train
morocco-earthquake_00000155,train
morocco-earthquake_00000156,train
morocco-earthquake_00000157,test
morocco-earthquake_00000158,train
morocco-earthquake_00000159,train
morocco-earthquake_00000160,train
morocco-earthquake_00000161,train
morocco-earthquake_00000162,train
morocco-earthquake_00000163,test
morocco-earthquake_00000164,test
morocco-earthquake_00000165,train
morocco-earthquake_00000166,train
morocco-earthquake_00000167,train
morocco-earthquake_00000168,train
morocco-earthquake_00000170,train
morocco-earthquake_00000171,train
morocco-earthquake_00000172,train
morocco-earthquake_00000173,train
morocco-earthquake_00000174,train
morocco-earthquake_00000175,test
morocco-earthquake_00000176,train
morocco-earthquake_00000177,train
morocco-earthquake_00000178,train
morocco-earthquake_00000179,train
morocco-earthquake_00000180,train
morocco-earthquake_00000181,train
morocco-earthquake_00000182,train
morocco-earthquake_00000183,test
morocco-earthquake_00000184,train
morocco-earthquake_00000185,train
morocco-earthquake_00000186,train
morocco-earthquake_00000187,test
morocco-earthquake_00000188,train
morocco-earthquake_00000189,train
morocco-earthquake_00000190,test
morocco-earthquake_00000191,train
morocco-earthquake_00000192,train
morocco-earthquake_00000193,train
morocco-earthquake_00000195,train
morocco-earthquake_00000196,train
morocco-earthquake_00000197,train
morocco-earthquake_00000198,train
morocco-earthquake_00000199,train
morocco-earthquake_00000200,test
morocco-earthquake_00000201,train
morocco-earthquake_00000202,train
morocco-earthquake_00000203,test
morocco-earthquake_00000205,train
morocco-earthquake_00000206,train
morocco-earthquake_00000207,test
morocco-earthquake_00000208,train
morocco-earthquake_00000209,train
morocco-earthquake_00000210,test
morocco-earthquake_00000211,train
morocco-earthquake_00000212,train
morocco-earthquake_00000213,train
morocco-earthquake_00000214,train
morocco-earthquake_00000215,train
morocco-earthquake_00000217,test
morocco-earthquake_00000218,train
morocco-earthquake_00000219,train
morocco-earthquake_00000220,train
morocco-earthquake_00000221,train
morocco-earthquake_00000222,test
morocco-earthquake_00000223,train
morocco-earthquake_00000224,train
morocco-earthquake_00000225,train
morocco-earthquake_00000228,train
morocco-earthquake_00000230,train
morocco-earthquake_00000231,train
morocco-earthquake_00000232,train
morocco-earthquake_00000233,train
morocco-earthquake_00000234,train
morocco-earthquake_00000235,test
morocco-earthquake_00000236,train
morocco-earthquake_00000237,train
morocco-earthquake_00000238,train
morocco-earthquake_00000239,train
morocco-earthquake_00000240,train
morocco-earthquake_00000241,test
morocco-earthquake_00000242,train
morocco-earthquake_00000243,train
morocco-earthquake_00000244,train
morocco-earthquake_00000245,train
morocco-earthquake_00000247,train
morocco-earthquake_00000248,train
morocco-earthquake_00000250,train
morocco-earthquake_00000251,train
morocco-earthquake_00000252,train
morocco-earthquake_00000253,train
morocco-earthquake_00000254,train
morocco-earthquake_00000255,train
morocco-earthquake_00000256,train
morocco-earthquake_00000257,train
morocco-earthquake_00000258,train
morocco-earthquake_00000260,train
morocco-earthquake_00000261,train
morocco-earthquake_00000262,train
morocco-earthquake_00000263,test
morocco-earthquake_00000264,train
morocco-earthquake_00000265,train
morocco-earthquake_00000266,train
morocco-earthquake_00000267,train
morocco-earthquake_00000268,train
morocco-earthquake_00000269,train
morocco-earthquake_00000271,train
morocco-earthquake_00000272,test
morocco-earthquake_00000273,train
morocco-earthquake_00000274,train
morocco-earthquake_00000275,test
morocco-earthquake_00000276,train
morocco-earthquake_00000277,train
morocco-earthquake_00000278,test
morocco-earthquake_00000279,train
morocco-earthquake_00000280,train
morocco-earthquake_00000281,train
morocco-earthquake_00000282,train
morocco-earthquake_00000284,test
morocco-earthquake_00000285,train
morocco-earthquake_00000286,test
morocco-earthquake_00000287,train
morocco-earthquake_00000288,test
morocco-earthquake_00000289,train
morocco-earthquake_00000290,test
morocco-earthquake_00000291,train
morocco-earthquake_00000292,train
morocco-earthquake_00000293,test
morocco-earthquake_00000294,test
morocco-earthquake_00000295,train
morocco-earthquake_00000296,train
morocco-earthquake_00000297,train
morocco-earthquake_00000298,test
morocco-earthquake_00000299,train
morocco-earthquake_00000300,train
morocco-earthquake_00000301,train
morocco-earthquake_00000303,train
morocco-earthquake_00000304,train
morocco-earthquake_00000305,train
morocco-earthquake_00000306,train
morocco-earthquake_00000307,train
morocco-earthquake_00000309,train
morocco-earthquake_00000310,train
morocco-earthquake_00000312,train
morocco-earthquake_00000313,test
morocco-earthquake_00000315,train
morocco-earthquake_00000316,test
morocco-earthquake_00000317,train
morocco-earthquake_00000318,train
morocco-earthquake_00000319,train
morocco-earthquake_00000320,train
morocco-earthquake_00000321,train
morocco-earthquake_00000322,train
morocco-earthquake_00000323,test
morocco-earthquake_00000324,train
morocco-earthquake_00000325,test
morocco-earthquake_00000326,train
morocco-earthquake_00000329,test
morocco-earthquake_00000330,train
morocco-earthquake_00000332,train
morocco-earthquake_00000334,train
morocco-earthquake_00000335,train
morocco-earthquake_00000336,train
morocco-earthquake_00000337,train
morocco-earthquake_00000339,train
morocco-earthquake_00000340,test
morocco-earthquake_00000341,test
morocco-earthquake_00000342,train
morocco-earthquake_00000343,train
morocco-earthquake_00000344,train
morocco-earthquake_00000346,train
morocco-earthquake_00000347,train
morocco-earthquake_00000348,test
morocco-earthquake_00000349,test
morocco-earthquake_00000350,train
morocco-earthquake_00000351,train
morocco-earthquake_00000352,train
morocco-earthquake_00000353,train
morocco-earthquake_00000354,train
morocco-earthquake_00000355,train
morocco-earthquake_00000356,train
morocco-earthquake_00000357,train
morocco-earthquake_00000358,train
morocco-earthquake_00000360,train
morocco-earthquake_00000361,train
morocco-earthquake_00000362,train
morocco-earthquake_00000363,train
morocco-earthquake_00000364,train
morocco-earthquake_00000365,train
morocco-earthquake_00000366,train
morocco-earthquake_00000367,train
morocco-earthquake_00000368,train
morocco-earthquake_00000369,test
morocco-earthquake_00000370,train
morocco-earthquake_00000371,train
morocco-earthquake_00000372,train
morocco-earthquake_00000373,test
morocco-earthquake_00000374,test
morocco-earthquake_00000375,train
morocco-earthquake_00000376,train
morocco-earthquake_00000377,train
morocco-earthquake_00000378,test
morocco-earthquake_00000379,train
morocco-earthquake_00000380,test
morocco-earthquake_00000381,train
morocco-earthquake_00000382,train
morocco-earthquake_00000383,train
morocco-earthquake_00000384,train
morocco-earthquake_00000385,train
morocco-earthquake_00000386,train
morocco-earthquake_00000387,train
morocco-earthquake_00000388,train
morocco-earthquake_00000389,train
morocco-earthquake_00000390,train
morocco-earthquake_00000391,train
morocco-earthquake_00000392,train
morocco-earthquake_00000393,train
morocco-earthquake_00000394,train
morocco-earthquake_00000395,train
morocco-earthquake_00000396,train
morocco-earthquake_00000397,train
morocco-earthquake_00000399,train
morocco-earthquake_00000400,train
morocco-earthquake_00000403,train
morocco-earthquake_00000404,train
morocco-earthquake_00000405,train
morocco-earthquake_00000406,train
morocco-earthquake_00000407,train
morocco-earthquake_00000408,train
morocco-earthquake_00000409,train
morocco-earthquake_00000410,train
morocco-earthquake_00000411,train
morocco-earthquake_00000412,train
morocco-earthquake_00000413,train
morocco-earthquake_00000414,train
morocco-earthquake_00000415,train
morocco-earthquake_00000416,test
morocco-earthquake_00000417,test
morocco-earthquake_00000419,train
morocco-earthquake_00000421,train
morocco-earthquake_00000422,train
morocco-earthquake_00000423,train
morocco-earthquake_00000424,test
morocco-earthquake_00000425,train
morocco-earthquake_00000426,test
morocco-earthquake_00000427,test
morocco-earthquake_00000428,train
morocco-earthquake_00000429,train
morocco-earthquake_00000430,train
morocco-earthquake_00000431,train
morocco-earthquake_00000432,train
morocco-earthquake_00000433,train
morocco-earthquake_00000434,train
morocco-earthquake_00000435,train
morocco-earthquake_00000436,train
morocco-earthquake_00000437,test
morocco-earthquake_00000438,test
morocco-earthquake_00000439,test
morocco-earthquake_00000440,train
morocco-earthquake_00000441,train
morocco-earthquake_00000442,test
morocco-earthquake_00000443,train
morocco-earthquake_00000444,train
morocco-earthquake_00000445,train
morocco-earthquake_00000446,test
morocco-earthquake_00000447,train
morocco-earthquake_00000449,train
morocco-earthquake_00000451,train
morocco-earthquake_00000452,train
morocco-earthquake_00000453,train
morocco-earthquake_00000454,train
morocco-earthquake_00000455,test
morocco-earthquake_00000456,train
morocco-earthquake_00000457,train
morocco-earthquake_00000458,train
morocco-earthquake_00000459,train
morocco-earthquake_00000460,test
morocco-earthquake_00000461,train
morocco-earthquake_00000462,train
morocco-earthquake_00000463,train
morocco-earthquake_00000464,train
morocco-earthquake_00000465,test
morocco-earthquake_00000466,train
morocco-earthquake_00000467,test
morocco-earthquake_00000468,train
morocco-earthquake_00000469,train
morocco-earthquake_00000471,train
morocco-earthquake_00000472,train
morocco-earthquake_00000473,test
morocco-earthquake_00000474,test
morocco-earthquake_00000475,test
morocco-earthquake_00000476,train
morocco-earthquake_00000477,train
morocco-earthquake_00000478,train
morocco-earthquake_00000479,train
morocco-earthquake_00000480,test
morocco-earthquake_00000481,test
morocco-earthquake_00000482,train
morocco-earthquake_00000483,train
morocco-earthquake_00000484,train
morocco-earthquake_00000485,test
morocco-earthquake_00000486,train
morocco-earthquake_00000487,train
morocco-earthquake_00000488,train
morocco-earthquake_00000489,train
morocco-earthquake_00000490,train
morocco-earthquake_00000491,train
morocco-earthquake_00000492,train
morocco-earthquake_00000493,train
morocco-earthquake_00000495,train
morocco-earthquake_00000496,train
morocco-earthquake_00000497,train
morocco-earthquake_00000498,train
morocco-earthquake_00000499,train
morocco-earthquake_00000500,train
morocco-earthquake_00000501,train
morocco-earthquake_00000503,train
morocco-earthquake_00000504,train
morocco-earthquake_00000505,train
morocco-earthquake_00000507,train
morocco-earthquake_00000508,train
morocco-earthquake_00000509,train
morocco-earthquake_00000510,train
morocco-earthquake_00000511,train
morocco-earthquake_00000512,train
morocco-earthquake_00000513,train
morocco-earthquake_00000514,train
morocco-earthquake_00000515,train
morocco-earthquake_00000517,train
morocco-earthquake_00000519,train
morocco-earthquake_00000520,train
morocco-earthquake_00000521,train
morocco-earthquake_00000522,train
morocco-earthquake_00000523,train
morocco-earthquake_00000524,test
morocco-earthquake_00000525,train
morocco-earthquake_00000526,train
morocco-earthquake_00000527,train
morocco-earthquake_00000530,train
morocco-earthquake_00000531,train
morocco-earthquake_00000532,train
morocco-earthquake_00000533,train
morocco-earthquake_00000534,train
morocco-earthquake_00000535,test
morocco-earthquake_00000536,train
morocco-earthquake_00000538,train
morocco-earthquake_00000539,train
morocco-earthquake_00000540,test
morocco-earthquake_00000541,train
morocco-earthquake_00000542,train
morocco-earthquake_00000544,train
morocco-earthquake_00000545,test
morocco-earthquake_00000546,train
morocco-earthquake_00000547,train
morocco-earthquake_00000548,train
morocco-earthquake_00000549,test
morocco-earthquake_00000550,train
morocco-earthquake_00000551,train
morocco-earthquake_00000552,train
morocco-earthquake_00000553,train
morocco-earthquake_00000554,train
morocco-earthquake_00000555,test
morocco-earthquake_00000556,train
morocco-earthquake_00000557,test
morocco-earthquake_00000558,test
morocco-earthquake_00000559,train
morocco-earthquake_00000560,train
morocco-earthquake_00000561,train
morocco-earthquake_00000562,train
morocco-earthquake_00000563,train
morocco-earthquake_00000564,test
noto-earthquake_00000000,train
noto-earthquake_00000002,train
noto-earthquake_00000003,train
noto-earthquake_00000004,train
noto-earthquake_00000005,train
noto-earthquake_00000006,train
noto-earthquake_00000007,train
noto-earthquake_00000008,train
noto-earthquake_00000009,train
noto-earthquake_00000010,train
noto-earthquake_00000011,train
noto-earthquake_00000012,train
noto-earthquake_00000013,train
noto-earthquake_00000016,train
noto-earthquake_00000017,train
noto-earthquake_00000018,train
noto-earthquake_00000019,train
noto-earthquake_00000020,train
noto-earthquake_00000021,train
noto-earthquake_00000022,train
noto-earthquake_00000023,train
noto-earthquake_00000025,train
noto-earthquake_00000026,train
noto-earthquake_00000027,train
noto-earthquake_00000028,train
noto-earthquake_00000029,train
noto-earthquake_00000030,train
noto-earthquake_00000031,test
noto-earthquake_00000032,train
noto-earthquake_00000033,train
noto-earthquake_00000034,train
noto-earthquake_00000035,train
noto-earthquake_00000036,train
noto-earthquake_00000037,test
noto-earthquake_00000038,train
noto-earthquake_00000039,train
noto-earthquake_00000040,test
noto-earthquake_00000041,train
noto-earthquake_00000043,train
noto-earthquake_00000044,test
noto-earthquake_00000045,test
noto-earthquake_00000048,train
noto-earthquake_00000049,train
noto-earthquake_00000050,train
noto-earthquake_00000051,train
noto-earthquake_00000052,train
noto-earthquake_00000053,train
noto-earthquake_00000054,train
noto-earthquake_00000055,train
noto-earthquake_00000056,test
noto-earthquake_00000057,train
noto-earthquake_00000058,train
noto-earthquake_00000059,test
noto-earthquake_00000060,train
noto-earthquake_00000061,train
noto-earthquake_00000062,train
noto-earthquake_00000063,train
noto-earthquake_00000064,test
noto-earthquake_00000066,train
noto-earthquake_00000067,train
noto-earthquake_00000068,train
noto-earthquake_00000069,train
noto-earthquake_00000070,test
noto-earthquake_00000071,train
noto-earthquake_00000072,train
noto-earthquake_00000073,train
noto-earthquake_00000074,train
noto-earthquake_00000075,train
noto-earthquake_00000077,test
noto-earthquake_00000078,train
turkey-earthquake_00000000,train
turkey-earthquake_00000001,train
turkey-earthquake_00000002,train
turkey-earthquake_00000003,train
turkey-earthquake_00000005,test
turkey-earthquake_00000006,train
turkey-earthquake_00000007,train
turkey-earthquake_00000008,train
turkey-earthquake_00000009,train
turkey-earthquake_00000010,test
turkey-earthquake_00000011,train
turkey-earthquake_00000012,train
turkey-earthquake_00000013,train
turkey-earthquake_00000014,train
turkey-earthquake_00000016,train
turkey-earthquake_00000017,train
turkey-earthquake_00000018,train
turkey-earthquake_00000019,train
turkey-earthquake_00000020,train
turkey-earthquake_00000021,train
turkey-earthquake_00000022,train
turkey-earthquake_00000023,train
turkey-earthquake_00000024,test
turkey-earthquake_00000025,test
turkey-earthquake_00000026,test
turkey-earthquake_00000027,test
turkey-earthquake_00000028,train
turkey-earthquake_00000029,train
turkey-earthquake_00000030,train
turkey-earthquake_00000031,train
turkey-earthquake_00000034,train
turkey-earthquake_00000035,train
turkey-earthquake_00000036,train
turkey-earthquake_00000037,train
turkey-earthquake_00000038,train
turkey-earthquake_00000039,train
turkey-earthquake_00000040,test
turkey-earthquake_00000041,train
turkey-earthquake_00000042,train
turkey-earthquake_00000043,test
turkey-earthquake_00000045,train
turkey-earthquake_00000046,train
turkey-earthquake_00000048,train
turkey-earthquake_00000049,test
turkey-earthquake_00000050,train
turkey-earthquake_00000051,train
turkey-earthquake_00000052,test
turkey-earthquake_00000053,test
turkey-earthquake_00000054,train
turkey-earthquake_00000055,test
turkey-earthquake_00000056,train
turkey-earthquake_00000057,train
turkey-earthquake_00000058,train
turkey-earthquake_00000059,train
turkey-earthquake_00000060,test
turkey-earthquake_00000061,train
turkey-earthquake_00000062,test
turkey-earthquake_00000063,test
turkey-earthquake_00000064,train
turkey-earthquake_00000065,test
turkey-earthquake_00000066,train
turkey-earthquake_00000067,train
turkey-earthquake_00000068,train
turkey-earthquake_00000069,train
turkey-earthquake_00000070,train
turkey-earthquake_00000071,test
turkey-earthquake_00000072,test
turkey-earthquake_00000073,train
turkey-earthquake_00000074,test
turkey-earthquake_00000076,train
turkey-earthquake_00000077,train
turkey-earthquake_00000078,train
turkey-earthquake_00000079,train
turkey-earthquake_00000080,train
turkey-earthquake_00000081,train
turkey-earthquake_00000082,train
turkey-earthquake_00000083,test
turkey-earthquake_00000085,train
turkey-earthquake_00000086,train
turkey-earthquake_00000087,train
turkey-earthquake_00000088,train
turkey-earthquake_00000090,train
turkey-earthquake_00000091,test
turkey-earthquake_00000092,test
turkey-earthquake_00000094,train
turkey-earthquake_00000096,train
turkey-earthquake_00000097,train
turkey-earthquake_00000098,train
turkey-earthquake_00000100,train
turkey-earthquake_00000101,train
turkey-earthquake_00000102,test
turkey-earthquake_00000103,train
turkey-earthquake_00000104,train
turkey-earthquake_00000105,train
turkey-earthquake_00000106,test
turkey-earthquake_00000107,test
turkey-earthquake_00000108,train
turkey-earthquake_00000109,train
turkey-earthquake_00000110,train
turkey-earthquake_00000111,train
turkey-earthquake_00000112,train
turkey-earthquake_00000113,train
turkey-earthquake_00000114,train
turkey-earthquake_00000115,train
turkey-earthquake_00000116,train
turkey-earthquake_00000117,test
turkey-earthquake_00000118,train
turkey-earthquake_00000119,train
turkey-earthquake_00000120,train
turkey-earthquake_00000121,train
turkey-earthquake_00000122,train
turkey-earthquake_00000123,train
turkey-earthquake_00000124,train
turkey-earthquake_00000125,test
turkey-earthquake_00000126,train
turkey-earthquake_00000127,train
turkey-earthquake_00000128,train
turkey-earthquake_00000129,train
turkey-earthquake_00000130,train
turkey-earthquake_00000131,test
turkey-earthquake_00000132,test
turkey-earthquake_00000133,test
turkey-earthquake_00000134,train
turkey-earthquake_00000135,train
turkey-earthquake_00000136,train
turkey-earthquake_00000138,train
turkey-earthquake_00000139,train
turkey-earthquake_00000140,train
turkey-earthquake_00000141,train
turkey-earthquake_00000142,train
turkey-earthquake_00000143,test
turkey-earthquake_00000144,train
turkey-earthquake_00000145,train
turkey-earthquake_00000146,train
turkey-earthquake_00000147,train
turkey-earthquake_00000149,train
turkey-earthquake_00000150,train
turkey-earthquake_00000151,train
turkey-earthquake_00000152,train
turkey-earthquake_00000153,train
turkey-earthquake_00000154,train
turkey-earthquake_00000155,train
turkey-earthquake_00000157,train
turkey-earthquake_00000158,train
turkey-earthquake_00000160,train
turkey-earthquake_00000161,train
turkey-earthquake_00000162,train
turkey-earthquake_00000163,train
turkey-earthquake_00000167,train
turkey-earthquake_00000168,train
turkey-earthquake_00000169,test
turkey-earthquake_00000170,test
turkey-earthquake_00000171,train
turkey-earthquake_00000172,train
turkey-earthquake_00000173,train
turkey-earthquake_00000174,train
turkey-earthquake_00000175,train
turkey-earthquake_00000176,test
turkey-earthquake_00000177,train
turkey-earthquake_00000178,test
turkey-earthquake_00000180,train
turkey-earthquake_00000181,train
turkey-earthquake_00000182,test
turkey-earthquake_00000183,train
turkey-earthquake_00000184,train
turkey-earthquake_00000185,test
turkey-earthquake_00000186,train
turkey-earthquake_00000187,train
turkey-earthquake_00000188,train
turkey-earthquake_00000189,test
turkey-earthquake_00000190,train
turkey-earthquake_00000191,train
turkey-earthquake_00000193,train
turkey-earthquake_00000194,train
turkey-earthquake_00000195,train
turkey-earthquake_00000196,train
turkey-earthquake_00000197,train
turkey-earthquake_00000198,train
turkey-earthquake_00000199,train
turkey-earthquake_00000200,train
turkey-earthquake_00000201,train
turkey-earthquake_00000203,train
turkey-earthquake_00000204,test
turkey-earthquake_00000205,train
turkey-earthquake_00000206,train
turkey-earthquake_00000207,train
turkey-earthquake_00000208,train
turkey-earthquake_00000209,test
turkey-earthquake_00000210,train
turkey-earthquake_00000211,train
turkey-earthquake_00000212,test
turkey-earthquake_00000213,train
turkey-earthquake_00000214,train
turkey-earthquake_00000215,train
turkey-earthquake_00000216,test
turkey-earthquake_00000217,train
turkey-earthquake_00000218,train
turkey-earthquake_00000219,test
turkey-earthquake_00000221,test
turkey-earthquake_00000222,train
turkey-earthquake_00000223,train
turkey-earthquake_00000224,train
turkey-earthquake_00000225,train
turkey-earthquake_00000226,train
turkey-earthquake_00000227,train
turkey-earthquake_00000228,train
turkey-earthquake_00000230,train
turkey-earthquake_00000231,train
turkey-earthquake_00000232,train
turkey-earthquake_00000233,train
turkey-earthquake_00000234,train
turkey-earthquake_00000235,test
turkey-earthquake_00000236,train
turkey-earthquake_00000238,train
turkey-earthquake_00000239,train
turkey-earthquake_00000240,train
turkey-earthquake_00000241,train
turkey-earthquake_00000242,test
turkey-earthquake_00000243,train
turkey-earthquake_00000244,train
turkey-earthquake_00000245,train
turkey-earthquake_00000246,train
turkey-earthquake_00000248,test
turkey-earthquake_00000249,test
turkey-earthquake_00000250,train
turkey-earthquake_00000251,train
turkey-earthquake_00000252,train
turkey-earthquake_00000253,test
turkey-earthquake_00000254,train
turkey-earthquake_00000255,train
turkey-earthquake_00000256,train
turkey-earthquake_00000257,train
turkey-earthquake_00000259,train
turkey-earthquake_00000260,train
turkey-earthquake_00000261,test
turkey-earthquake_00000262,train
turkey-earthquake_00000263,test
turkey-earthquake_00000264,train
turkey-earthquake_00000265,train
turkey-earthquake_00000266,test
turkey-earthquake_00000267,train
turkey-earthquake_00000268,train
turkey-earthquake_00000269,train
turkey-earthquake_00000270,test
turkey-earthquake_00000271,train
turkey-earthquake_00000272,train
turkey-earthquake_00000273,test
turkey-earthquake_00000274,train
turkey-earthquake_00000275,train
turkey-earthquake_00000276,train
turkey-earthquake_00000277,test
turkey-earthquake_00000278,train
turkey-earthquake_00000279,test
turkey-earthquake_00000280,test
turkey-earthquake_00000281,train
turkey-earthquake_00000282,train
turkey-earthquake_00000283,train
turkey-earthquake_00000285,train
turkey-earthquake_00000286,test
turkey-earthquake_00000287,test
turkey-earthquake_00000288,train
turkey-earthquake_00000289,train
turkey-earthquake_00000290,train
turkey-earthquake_00000291,train
turkey-earthquake_00000292,train
turkey-earthquake_00000293,train
turkey-earthquake_00000294,test
turkey-earthquake_00000295,train
turkey-earthquake_00000296,train
turkey-earthquake_00000297,train
turkey-earthquake_00000298,train
turkey-earthquake_00000300,test
turkey-earthquake_00000301,train
turkey-earthquake_00000302,train
turkey-earthquake_00000303,train
turkey-earthquake_00000305,train
turkey-earthquake_00000306,train
turkey-earthquake_00000307,test
turkey-earthquake_00000308,train
turkey-earthquake_00000309,train
turkey-earthquake_00000310,train
turkey-earthquake_00000311,train
turkey-earthquake_00000312,train
turkey-earthquake_00000313,train
turkey-earthquake_00000314,train
turkey-earthquake_00000315,train
turkey-earthquake_00000316,test
turkey-earthquake_00000317,test
turkey-earthquake_00000318,train
turkey-earthquake_00000320,train
turkey-earthquake_00000321,train
turkey-earthquake_00000322,test
turkey-earthquake_00000323,train
turkey-earthquake_00000325,train
turkey-earthquake_00000326,train
turkey-earthquake_00000327,train
turkey-earthquake_00000328,train
turkey-earthquake_00000329,test
turkey-earthquake_00000330,train
turkey-earthquake_00000331,train
turkey-earthquake_00000332,test
turkey-earthquake_00000333,train
turkey-earthquake_00000335,train
turkey-earthquake_00000336,train
turkey-earthquake_00000337,train
turkey-earthquake_00000338,test
turkey-earthquake_00000339,train
turkey-earthquake_00000340,train
turkey-earthquake_00000341,train
turkey-earthquake_00000342,test
turkey-earthquake_00000343,test
turkey-earthquake_00000344,train
turkey-earthquake_00000345,train
turkey-earthquake_00000346,train
turkey-earthquake_00000347,train
turkey-earthquake_00000348,train
turkey-earthquake_00000349,train
turkey-earthquake_00000350,train
turkey-earthquake_00000351,train
turkey-earthquake_00000352,train
turkey-earthquake_00000353,train
turkey-earthquake_00000354,test
turkey-earthquake_00000355,train
turkey-earthquake_00000356,train
turkey-earthquake_00000357,train
turkey-earthquake_00000358,train
turkey-earthquake_00000359,train
turkey-earthquake_00000360,train
turkey-earthquake_00000361,test
turkey-earthquake_00000362,train
turkey-earthquake_00000363,train
turkey-earthquake_00000364,train
turkey-earthquake_00000365,train
turkey-earthquake_00000366,test
turkey-earthquake_00000367,train
turkey-earthquake_00000368,train
turkey-earthquake_00000369,train
turkey-earthquake_00000371,train
turkey-earthquake_00000372,train
turkey-earthquake_00000373,train
turkey-earthquake_00000374,test
turkey-earthquake_00000375,test
turkey-earthquake_00000376,train
turkey-earthquake_00000377,train
turkey-earthquake_00000378,test
turkey-earthquake_00000379,train
turkey-earthquake_00000380,train
turkey-earthquake_00000381,test
turkey-earthquake_00000383,train
turkey-earthquake_00000385,test
turkey-earthquake_00000387,train
turkey-earthquake_00000388,train
turkey-earthquake_00000389,train
turkey-earthquake_00000391,train
turkey-earthquake_00000392,train
turkey-earthquake_00000393,train
turkey-earthquake_00000394,train
turkey-earthquake_00000395,train
turkey-earthquake_00000396,train
turkey-earthquake_00000397,train
turkey-earthquake_00000398,train
turkey-earthquake_00000399,train
turkey-earthquake_00000400,test
turkey-earthquake_00000401,test
turkey-earthquake_00000402,train
turkey-earthquake_00000403,train
turkey-earthquake_00000404,train
turkey-earthquake_00000405,train
turkey-earthquake_00000406,train
turkey-earthquake_00000408,train
turkey-earthquake_00000409,train
turkey-earthquake_00000410,test
turkey-earthquake_00000411,train
turkey-earthquake_00000412,train
turkey-earthquake_00000413,train
turkey-earthquake_00000414,train
turkey-earthquake_00000417,train
turkey-earthquake_00000418,test
turkey-earthquake_00000419,train
turkey-earthquake_00000421,train
turkey-earthquake_00000422,train
turkey-earthquake_00000423,train
turkey-earthquake_00000424,test
turkey-earthquake_00000425,train
turkey-earthquake_00000426,train
turkey-earthquake_00000427,train
turkey-earthquake_00000428,train
turkey-earthquake_00000429,test
turkey-earthquake_00000430,train
turkey-earthquake_00000432,test
turkey-earthquake_00000433,train
turkey-earthquake_00000434,train
turkey-earthquake_00000435,train
turkey-earthquake_00000437,train
turkey-earthquake_00000438,train
turkey-earthquake_00000440,train
turkey-earthquake_00000441,train
turkey-earthquake_00000442,test
turkey-earthquake_00000443,train
turkey-earthquake_00000444,train
turkey-earthquake_00000445,train
turkey-earthquake_00000446,train
turkey-earthquake_00000447,train
turkey-earthquake_00000448,train
turkey-earthquake_00000449,train
turkey-earthquake_00000450,train
turkey-earthquake_00000451,test
turkey-earthquake_00000453,train
turkey-earthquake_00000454,train
turkey-earthquake_00000455,test
turkey-earthquake_00000456,train
turkey-earthquake_00000457,train
turkey-earthquake_00000458,train
turkey-earthquake_00000459,train
turkey-earthquake_00000460,train
turkey-earthquake_00000462,train
turkey-earthquake_00000463,train
turkey-earthquake_00000464,train
turkey-earthquake_00000466,train
turkey-earthquake_00000467,test
turkey-earthquake_00000468,train
turkey-earthquake_00000469,train
turkey-earthquake_00000470,test
turkey-earthquake_00000471,train
turkey-earthquake_00000472,train
turkey-earthquake_00000473,train
turkey-earthquake_00000474,train
turkey-earthquake_00000475,train
turkey-earthquake_00000477,train
turkey-earthquake_00000478,train
turkey-earthquake_00000479,train
turkey-earthquake_00000480,train
turkey-earthquake_00000481,train
turkey-earthquake_00000482,train
turkey-earthquake_00000483,train
turkey-earthquake_00000484,train
turkey-earthquake_00000485,test
turkey-earthquake_00000486,train
turkey-earthquake_00000487,test
turkey-earthquake_00000488,train
turkey-earthquake_00000489,train
turkey-earthquake_00000490,train
turkey-earthquake_00000491,train
turkey-earthquake_00000493,train
turkey-earthquake_00000494,test
turkey-earthquake_00000495,train
turkey-earthquake_00000496,test
turkey-earthquake_00000497,train
turkey-earthquake_00000498,train
turkey-earthquake_00000499,train
turkey-earthquake_00000500,train
turkey-earthquake_00000501,train
turkey-earthquake_00000502,train
turkey-earthquake_00000503,train
turkey-earthquake_00000504,train
turkey-earthquake_00000505,test
turkey-earthquake_00000506,test
turkey-earthquake_00000507,train
turkey-earthquake_00000509,train
turkey-earthquake_00000510,test
turkey-earthquake_00000511,train
turkey-earthquake_00000512,train
turkey-earthquake_00000513,train
turkey-earthquake_00000515,train
turkey-earthquake_00000516,train
turkey-earthquake_00000517,train
turkey-earthquake_00000518,train
turkey-earthquake_00000519,test
turkey-earthquake_00000520,train
turkey-earthquake_00000521,train
turkey-earthquake_00000522,train
turkey-earthquake_00000523,train
turkey-earthquake_00000524,train
turkey-earthquake_00000525,train
turkey-earthquake_00000526,train
turkey-earthquake_00000527,train
turkey-earthquake_00000528,train
turkey-earthquake_00000529,test
turkey-earthquake_00000530,train
turkey-earthquake_00000531,train
turkey-earthquake_00000532,train
turkey-earthquake_00000534,test
turkey-earthquake_00000535,train
turkey-earthquake_00000536,train
turkey-earthquake_00000537,train
turkey-earthquake_00000539,test
turkey-earthquake_00000541,train
turkey-earthquake_00000542,train
turkey-earthquake_00000544,train
turkey-earthquake_00000545,train
turkey-earthquake_00000546,train
turkey-earthquake_00000547,train
turkey-earthquake_00000548,train
turkey-earthquake_00000549,train
turkey-earthquake_00000550,train
turkey-earthquake_00000551,train
turkey-earthquake_00000552,train
turkey-earthquake_00000553,train
turkey-earthquake_00000554,train
turkey-earthquake_00000555,train
turkey-earthquake_00000556,train
turkey-earthquake_00000557,train
turkey-earthquake_00000558,train
turkey-earthquake_00000559,test
turkey-earthquake_00000560,train
turkey-earthquake_00000561,test
turkey-earthquake_00000563,test
turkey-earthquake_00000564,train
turkey-earthquake_00000565,test
turkey-earthquake_00000566,train
turkey-earthquake_00000567,train
turkey-earthquake_00000568,train
turkey-earthquake_00000569,test
turkey-earthquake_00000570,train
turkey-earthquake_00000572,train
turkey-earthquake_00000573,train
turkey-earthquake_00000574,train
turkey-earthquake_00000575,train
turkey-earthquake_00000576,test
turkey-earthquake_00000577,train
turkey-earthquake_00000578,train
turkey-earthquake_00000581,train
turkey-earthquake_00000582,train
turkey-earthquake_00000583,train
turkey-earthquake_00000584,test
turkey-earthquake_00000585,train
turkey-earthquake_00000586,train
turkey-earthquake_00000587,train
turkey-earthquake_00000588,test
turkey-earthquake_00000589,train
turkey-earthquake_00000590,train
turkey-earthquake_00000591,train
turkey-earthquake_00000592,train
turkey-earthquake_00000593,train
turkey-earthquake_00000594,train
turkey-earthquake_00000595,train
turkey-earthquake_00000596,train
turkey-earthquake_00000597,test
turkey-earthquake_00000598,test
turkey-earthquake_00000599,test
turkey-earthquake_00000600,train
turkey-earthquake_00000601,train
turkey-earthquake_00000602,train
turkey-earthquake_00000603,train
turkey-earthquake_00000604,train
turkey-earthquake_00000605,train
turkey-earthquake_00000607,train
turkey-earthquake_00000608,train
turkey-earthquake_00000609,train
turkey-earthquake_00000610,test
turkey-earthquake_00000611,train
turkey-earthquake_00000612,train
turkey-earthquake_00000613,train
turkey-earthquake_00000614,train
turkey-earthquake_00000615,test
turkey-earthquake_00000616,train
turkey-earthquake_00000617,train
turkey-earthquake_00000618,train
turkey-earthquake_00000620,train
turkey-earthquake_00000621,train
turkey-earthquake_00000623,test
turkey-earthquake_00000624,test
turkey-earthquake_00000625,train
turkey-earthquake_00000626,test
turkey-earthquake_00000627,train
turkey-earthquake_00000628,train
turkey-earthquake_00000629,train
turkey-earthquake_00000630,train
turkey-earthquake_00000631,train
turkey-earthquake_00000632,train
turkey-earthquake_00000633,test
turkey-earthquake_00000635,train
turkey-earthquake_00000636,train
turkey-earthquake_00000637,train
turkey-earthquake_00000638,train
turkey-earthquake_00000639,test
turkey-earthquake_00000641,test
turkey-earthquake_00000642,train
turkey-earthquake_00000643,train
turkey-earthquake_00000644,train
turkey-earthquake_00000645,train
turkey-earthquake_00000646,train
turkey-earthquake_00000647,train
turkey-earthquake_00000648,train
turkey-earthquake_00000649,train
turkey-earthquake_00000650,train
turkey-earthquake_00000651,train
turkey-earthquake_00000652,train
turkey-earthquake_00000653,train
turkey-earthquake_00000655,train
turkey-earthquake_00000656,test
turkey-earthquake_00000658,train
turkey-earthquake_00000659,train
turkey-earthquake_00000660,train
turkey-earthquake_00000661,test
turkey-earthquake_00000662,test
turkey-earthquake_00000663,test
turkey-earthquake_00000664,train
turkey-earthquake_00000665,train
turkey-earthquake_00000666,train
turkey-earthquake_00000667,train
turkey-earthquake_00000668,test
turkey-earthquake_00000669,test
turkey-earthquake_00000670,test
turkey-earthquake_00000671,test
turkey-earthquake_00000672,test
turkey-earthquake_00000673,train
turkey-earthquake_00000674,train
turkey-earthquake_00000675,train
turkey-earthquake_00000676,test
turkey-earthquake_00000677,train
turkey-earthquake_00000678,train
turkey-earthquake_00000679,train
turkey-earthquake_00000680,test
turkey-earthquake_00000681,train
turkey-earthquake_00000682,train
turkey-earthquake_00000683,train
turkey-earthquake_00000684,train
turkey-earthquake_00000685,train
turkey-earthquake_00000686,train
turkey-earthquake_00000687,train
turkey-earthquake_00000688,test
turkey-earthquake_00000689,train
turkey-earthquake_00000690,train
turkey-earthquake_00000691,train
turkey-earthquake_00000692,train
turkey-earthquake_00000693,train
turkey-earthquake_00000694,test
turkey-earthquake_00000695,test
turkey-earthquake_00000697,train
turkey-earthquake_00000698,train
turkey-earthquake_00000699,test
turkey-earthquake_00000700,train
turkey-earthquake_00000701,train
turkey-earthquake_00000702,test
turkey-earthquake_00000703,train
turkey-earthquake_00000704,train
turkey-earthquake_00000705,train
turkey-earthquake_00000706,test
turkey-earthquake_00000707,train
turkey-earthquake_00000709,train
turkey-earthquake_00000710,train
turkey-earthquake_00000711,train
turkey-earthquake_00000712,train
turkey-earthquake_00000713,train
turkey-earthquake_00000714,train
turkey-earthquake_00000715,train
turkey-earthquake_00000717,train
turkey-earthquake_00000718,train
turkey-earthquake_00000719,test
turkey-earthquake_00000720,test
turkey-earthquake_00000721,train
turkey-earthquake_00000722,test
turkey-earthquake_00000723,train
turkey-earthquake_00000724,train
turkey-earthquake_00000725,test
turkey-earthquake_00000726,train
turkey-earthquake_00000727,train
turkey-earthquake_00000728,train
turkey-earthquake_00000729,train
turkey-earthquake_00000730,train
turkey-earthquake_00000731,train
turkey-earthquake_00000732,train
turkey-earthquake_00000733,train
turkey-earthquake_00000735,train
turkey-earthquake_00000736,train
turkey-earthquake_00000738,test
turkey-earthquake_00000739,train
turkey-earthquake_00000740,test
turkey-earthquake_00000741,train
turkey-earthquake_00000742,train
turkey-earthquake_00000743,test
turkey-earthquake_00000744,train
turkey-earthquake_00000745,train
turkey-earthquake_00000746,test
turkey-earthquake_00000747,train
turkey-earthquake_00000749,train
turkey-earthquake_00000750,train
turkey-earthquake_00000751,train
turkey-earthquake_00000752,train
turkey-earthquake_00000753,train
turkey-earthquake_00000754,train
turkey-earthquake_00000755,train
turkey-earthquake_00000756,test
turkey-earthquake_00000758,test
turkey-earthquake_00000760,test
turkey-earthquake_00000761,train
turkey-earthquake_00000762,train
turkey-earthquake_00000763,train
turkey-earthquake_00000764,test
turkey-earthquake_00000765,test
turkey-earthquake_00000766,train
turkey-earthquake_00000767,train
turkey-earthquake_00000768,train
turkey-earthquake_00000769,train
turkey-earthquake_00000770,test
turkey-earthquake_00000771,train
turkey-earthquake_00000772,train
turkey-earthquake_00000774,test
turkey-earthquake_00000775,test
turkey-earthquake_00000776,test
turkey-earthquake_00000777,train
turkey-earthquake_00000778,train
turkey-earthquake_00000779,test
turkey-earthquake_00000780,test
turkey-earthquake_00000782,train
turkey-earthquake_00000783,train
turkey-earthquake_00000784,train
turkey-earthquake_00000786,train
turkey-earthquake_00000787,test
turkey-earthquake_00000788,train
turkey-earthquake_00000789,test
turkey-earthquake_00000790,train
turkey-earthquake_00000791,train
turkey-earthquake_00000792,train
turkey-earthquake_00000793,test
turkey-earthquake_00000794,train
turkey-earthquake_00000795,train
turkey-earthquake_00000796,train
turkey-earthquake_00000797,train
turkey-earthquake_00000799,train
turkey-earthquake_00000800,train
turkey-earthquake_00000801,train
turkey-earthquake_00000802,train
turkey-earthquake_00000803,train
turkey-earthquake_00000805,test
turkey-earthquake_00000806,train
turkey-earthquake_00000807,train
turkey-earthquake_00000808,train
turkey-earthquake_00000809,train
turkey-earthquake_00000810,train
turkey-earthquake_00000811,train
turkey-earthquake_00000812,test
turkey-earthquake_00000814,train
turkey-earthquake_00000815,test
turkey-earthquake_00000816,train
turkey-earthquake_00000817,train
turkey-earthquake_00000818,test
turkey-earthquake_00000819,train
turkey-earthquake_00000820,train
turkey-earthquake_00000821,train
turkey-earthquake_00000822,test
turkey-earthquake_00000824,test
turkey-earthquake_00000825,train
turkey-earthquake_00000826,test
turkey-earthquake_00000827,train
turkey-earthquake_00000828,test
turkey-earthquake_00000829,train
turkey-earthquake_00000830,train
turkey-earthquake_00000831,train
turkey-earthquake_00000832,train
turkey-earthquake_00000833,train
turkey-earthquake_00000834,test
turkey-earthquake_00000835,train
turkey-earthquake_00000836,train
turkey-earthquake_00000837,train
turkey-earthquake_00000838,train
turkey-earthquake_00000839,train
turkey-earthquake_00000840,train
turkey-earthquake_00000842,train
turkey-earthquake_00000843,test
turkey-earthquake_00000844,test
turkey-earthquake_00000846,train
turkey-earthquake_00000848,train
turkey-earthquake_00000849,train
turkey-earthquake_00000850,train
turkey-earthquake_00000851,train
turkey-earthquake_00000852,train
turkey-earthquake_00000853,test
turkey-earthquake_00000854,train
turkey-earthquake_00000856,train
turkey-earthquake_00000857,train
turkey-earthquake_00000858,train
turkey-earthquake_00000859,train
turkey-earthquake_00000860,test
turkey-earthquake_00000861,train
turkey-earthquake_00000863,train
turkey-earthquake_00000865,test
turkey-earthquake_00000866,test
turkey-earthquake_00000867,train
turkey-earthquake_00000868,train
turkey-earthquake_00000870,train
turkey-earthquake_00000871,train
turkey-earthquake_00000872,train
turkey-earthquake_00000873,train
turkey-earthquake_00000875,train
turkey-earthquake_00000876,test
turkey-earthquake_00000877,train
turkey-earthquake_00000878,train
turkey-earthquake_00000879,train
turkey-earthquake_00000880,train
turkey-earthquake_00000881,train
turkey-earthquake_00000882,test
turkey-earthquake_00000883,train
turkey-earthquake_00000884,train
turkey-earthquake_00000885,train
turkey-earthquake_00000886,train
turkey-earthquake_00000887,train
turkey-earthquake_00000888,train
turkey-earthquake_00000889,train
turkey-earthquake_00000891,train
turkey-earthquake_00000892,train
turkey-earthquake_00000893,train
turkey-earthquake_00000894,train
turkey-earthquake_00000895,train
turkey-earthquake_00000896,test
turkey-earthquake_00000897,test
turkey-earthquake_00000898,train
turkey-earthquake_00000900,train
turkey-earthquake_00000901,test
turkey-earthquake_00000902,test
turkey-earthquake_00000903,test
turkey-earthquake_00000904,test
turkey-earthquake_00000905,train
turkey-earthquake_00000906,train
turkey-earthquake_00000907,train
turkey-earthquake_00000908,train
turkey-earthquake_00000909,train
turkey-earthquake_00000910,train
turkey-earthquake_00000911,test
turkey-earthquake_00000912,train
turkey-earthquake_00000913,test
turkey-earthquake_00000914,train
turkey-earthquake_00000915,train
turkey-earthquake_00000916,train
turkey-earthquake_00000917,train
turkey-earthquake_00000918,train
turkey-earthquake_00000919,train
turkey-earthquake_00000920,test
turkey-earthquake_00000921,train
turkey-earthquake_00000922,train
turkey-earthquake_00000923,train
turkey-earthquake_00000924,train
turkey-earthquake_00000925,train
turkey-earthquake_00000926,train
turkey-earthquake_00000927,test
turkey-earthquake_00000928,train
turkey-earthquake_00000929,train
turkey-earthquake_00000930,train
turkey-earthquake_00000931,train
turkey-earthquake_00000932,train
turkey-earthquake_00000933,train
turkey-earthquake_00000934,train
turkey-earthquake_00000935,test
turkey-earthquake_00000936,train
turkey-earthquake_00000937,train
turkey-earthquake_00000938,test
turkey-earthquake_00000940,test
turkey-earthquake_00000941,train
turkey-earthquake_00000942,test
turkey-earthquake_00000944,test
turkey-earthquake_00000945,train
turkey-earthquake_00000946,train
turkey-earthquake_00000947,train
turkey-earthquake_00000948,train
turkey-earthquake_00000949,train
turkey-earthquake_00000950,train
turkey-earthquake_00000951,test
turkey-earthquake_00000952,train
turkey-earthquake_00000953,train
turkey-earthquake_00000954,train
turkey-earthquake_00000955,train
turkey-earthquake_00000956,test
turkey-earthquake_00000957,train
turkey-earthquake_00000959,train
turkey-earthquake_00000960,test
turkey-earthquake_00000961,train
turkey-earthquake_00000962,train
turkey-earthquake_00000963,train
turkey-earthquake_00000964,train
turkey-earthquake_00000965,train
turkey-earthquake_00000966,train
turkey-earthquake_00000967,test
turkey-earthquake_00000968,train
turkey-earthquake_00000969,train
turkey-earthquake_00000970,train
turkey-earthquake_00000971,test
turkey-earthquake_00000972,train
turkey-earthquake_00000974,test
turkey-earthquake_00000975,test
turkey-earthquake_00000976,train
turkey-earthquake_00000977,train
turkey-earthquake_00000978,train
turkey-earthquake_00000979,train
turkey-earthquake_00000980,test
turkey-earthquake_00000981,train
turkey-earthquake_00000983,train
turkey-earthquake_00000984,train
turkey-earthquake_00000985,train
turkey-earthquake_00000986,train
turkey-earthquake_00000987,train
turkey-earthquake_00000988,test
turkey-earthquake_00000989,train
turkey-earthquake_00000990,train
turkey-earthquake_00000991,train
turkey-earthquake_00000992,train
turkey-earthquake_00000993,train
turkey-earthquake_00000994,train
turkey-earthquake_00000995,train
turkey-earthquake_00000996,train
turkey-earthquake_00000998,train
turkey-earthquake_00000999,train
turkey-earthquake_00001000,test
turkey-earthquake_00001001,train
turkey-earthquake_00001002,train
turkey-earthquake_00001004,train
turkey-earthquake_00001005,test
turkey-earthquake_00001006,train
turkey-earthquake_00001007,train
turkey-earthquake_00001008,train
turkey-earthquake_00001009,train
turkey-earthquake_00001010,test
turkey-earthquake_00001011,train
turkey-earthquake_00001012,train
turkey-earthquake_00001013,train
turkey-earthquake_00001014,test
turkey-earthquake_00001015,train
turkey-earthquake_00001016,test
turkey-earthquake_00001017,test
turkey-earthquake_00001018,test
turkey-earthquake_00001019,test
turkey-earthquake_00001020,train
turkey-earthquake_00001021,train
turkey-earthquake_00001022,test
turkey-earthquake_00001023,train
turkey-earthquake_00001024,train
turkey-earthquake_00001026,train
turkey-earthquake_00001027,train
turkey-earthquake_00001028,train
turkey-earthquake_00001029,train
turkey-earthquake_00001030,train
turkey-earthquake_00001033,test
turkey-earthquake_00001034,train
turkey-earthquake_00001035,train
turkey-earthquake_00001036,test
turkey-earthquake_00001037,train
turkey-earthquake_00001038,train
turkey-earthquake_00001039,train
turkey-earthquake_00001040,train
turkey-earthquake_00001041,train
turkey-earthquake_00001042,test
turkey-earthquake_00001043,train
turkey-earthquake_00001044,train
turkey-earthquake_00001045,test
turkey-earthquake_00001047,train
turkey-earthquake_00001048,train
turkey-earthquake_00001049,train
turkey-earthquake_00001051,train
turkey-earthquake_00001052,train
turkey-earthquake_00001053,train
turkey-earthquake_00001054,train
turkey-earthquake_00001055,train
turkey-earthquake_00001056,test
turkey-earthquake_00001057,train
turkey-earthquake_00001058,train
turkey-earthquake_00001059,train
turkey-earthquake_00001060,train
turkey-earthquake_00001061,train
turkey-earthquake_00001063,train
turkey-earthquake_00001064,test
turkey-earthquake_00001065,train
turkey-earthquake_00001068,train
turkey-earthquake_00001069,train
turkey-earthquake_00001070,test
turkey-earthquake_00001071,train
turkey-earthquake_00001072,train
turkey-earthquake_00001073,test
turkey-earthquake_00001074,train
turkey-earthquake_00001075,train
turkey-earthquake_00001076,train
turkey-earthquake_00001078,train
turkey-earthquake_00001080,train
turkey-earthquake_00001081,train
turkey-earthquake_00001082,test
turkey-earthquake_00001083,train
turkey-earthquake_00001084,train
turkey-earthquake_00001085,train
turkey-earthquake_00001086,train
turkey-earthquake_00001088,test
turkey-earthquake_00001089,train
turkey-earthquake_00001090,train
turkey-earthquake_00001092,test
turkey-earthquake_00001094,train
turkey-earthquake_00001095,train
turkey-earthquake_00001096,test
turkey-earthquake_00001097,train
turkey-earthquake_00001098,test
turkey-earthquake_00001100,train
turkey-earthquake_00001101,train
turkey-earthquake_00001102,train
turkey-earthquake_00001103,test
turkey-earthquake_00001104,train
turkey-earthquake_00001105,train
turkey-earthquake_00001106,train
turkey-earthquake_00001107,train
turkey-earthquake_00001108,test
turkey-earthquake_00001109,train
turkey-earthquake_00001110,train
turkey-earthquake_00001111,train
turkey-earthquake_00001112,train
turkey-earthquake_00001113,train
